;14 DE JULIO,;392;PE헤FLOR;Renovaci蚤 arranque cobre o HDPE entre llaves de paso D=19 a 25 mm;1-8GVS9FK;1-8GVS9G2;1;$70.000,00;$70.000,00;;MOV_HID_09;20-10-2025;AGUA POTABLE
;14 DE JULIO,;392;PE헤FLOR;Instalaci蚤 tuber眼 de cobre D=13 a 19 mm, con excavaci蚤;1-8GVS9FK;1-8GVS9G2;1;$23.000,00;$23.000,00;;MOV_HID_09;20-10-2025;AGUA POTABLE
;14 DE JULIO,;777;PE헤FLOR;Renovaci蚤 arranque cobre o HDPE entre llaves de paso D=19 a 25 mm;1-8JVBHHJ;1-8JVBHI1;1;$70.000,00;$70.000,00;;MOV_HID_09;20-10-2025;AGUA POTABLE
;14 DE JULIO,;777;PE헤FLOR;Instalaci蚤 tuber眼 de cobre D=13 a 19 mm, con excavaci蚤;1-8JVBHHJ;1-8JVBHI1;1;$23.000,00;$23.000,00;;MOV_HID_09;20-10-2025;AGUA POTABLE
;PJE 16 NORTE,;3098;PE헤FLOR;Renovaci蚤 arranque cobre o HDPE entre llaves de paso D=19 a 25 mm;1-8J0A0O1;1-8J0A0OT;1;$70.000,00;$70.000,00;;MOV_HID_09;20-10-2025;AGUA POTABLE
;PJE 16 NORTE,;3098;PE헤FLOR;Instalaci蚤 tuber眼 de cobre D=13 a 19 mm, con excavaci蚤;1-8J0A0O1;1-8J0A0OT;1;$23.000,00;$23.000,00;;MOV_HID_09;20-10-2025;AGUA POTABLE
;PJE 10 PONIENTE,;691;PE헤FLOR;Renovaci蚤 arranque cobre o HDPE entre llaves de paso D=19 a 25 mm;1-8J0B21B;1-8J0B223;1;$70.000,00;$70.000,00;;MOV_HID_09;20-10-2025;AGUA POTABLE
;PJE 10 PONIENTE,;691;PE헤FLOR;Instalaci蚤 tuber眼 de cobre D=13 a 19 mm, con excavaci蚤;1-8J0B21B;1-8J0B223;1;$23.000,00;$23.000,00;;MOV_HID_09;20-10-2025;AGUA POTABLE
;PJE SARGENTO CANDELARIA,;50;EL MONTE;Renovaci蚤 arranque cobre o HDPE entre llaves de paso D=19 a 25 mm;1-8C8OS93;1-8C8OS9L;1;$70.000,00;$70.000,00;;MOV_HID_10;20-10-2025;AGUA POTABLE
;PJE SARGENTO CANDELARIA,;50;EL MONTE;Instalaci蚤 tuber眼 de cobre D=13 a 19 mm, con excavaci蚤;1-8C8OS93;1-8C8OS9L;1;$23.000,00;$23.000,00;;MOV_HID_10;20-10-2025;AGUA POTABLE
;PJE EL PEUMO,;57;EL MONTE;Renovaci蚤 arranque cobre o HDPE entre llaves de paso D=19 a 25 mm;1-89IYLQB;1-89IYLQT;1;$70.000,00;$70.000,00;;MOV_HID_10;20-10-2025;AGUA POTABLE
;PJE EL PEUMO,;57;EL MONTE;Renovaci蚤 arranque entre ca吝r眼 matriz y llave de paso exterior, D=19 mm;1-89IYLQB;1-89IYLQT;1;$72.000,00;$72.000,00;;MOV_HID_10;20-10-2025;AGUA POTABLE
;PJE EL PEUMO,;57;EL MONTE;Instalaci蚤 tuber眼 de cobre D=13 a 19 mm, con excavaci蚤;1-89IYLQB;1-89IYLQT;1;$23.000,00;$23.000,00;;MOV_HID_10;20-10-2025;AGUA POTABLE
;PJE EL PEUMO,;57;EL MONTE;Instalaci蚤 tuber眼 de HDPE D=20 a 25   mm, con excavaci蚤;1-89IYLQB;1-89IYLQT;1,8;$29.896,87;$53.814,37;;MOV_HID_10;20-10-2025;AGUA POTABLE
;PJE CERRO LAS DELICIAS,;557;PE헤FLOR;Renovaci蚤 arranque cobre o HDPE entre llaves de paso D=19 a 25 mm;1-8J0B301;1-8J0B30T;1;$70.000,00;$70.000,00;1;MOV_HID_11;20-10-2025;AGUA POTABLE
;PJE CERRO LAS DELICIAS,;557;PE헤FLOR;Renovaci蚤 arranque entre ca吝r眼 matriz y llave de paso exterior, D=19 mm;1-8J0B301;1-8J0B30T;1;$72.000,00;$72.000,00;;MOV_HID_11;20-10-2025;AGUA POTABLE
;PJE CERRO LAS DELICIAS,;557;PE헤FLOR;Instalaci蚤 tuber眼 de cobre D=13 a 19 mm, con excavaci蚤;1-8J0B301;1-8J0B30T;1;$23.000,00;$23.000,00;;MOV_HID_11;20-10-2025;AGUA POTABLE
;PJE CERRO LAS DELICIAS,;557;PE헤FLOR;Instalaci蚤 tuber眼 de HDPE D=20 a 25   mm, con excavaci蚤;1-8J0B301;1-8J0B30T;2;$29.896,87;$59.793,74;;MOV_HID_11;20-10-2025;AGUA POTABLE
;PJE CERRO LAS DELICIAS,;557;PE헤FLOR;Renovaci蚤 arranque entre ca吝r眼 matriz y llave de paso exterior, D=19 mm;1-8J0B301;1-8J0B30T;1;$72.000,00;$72.000,00;;MOV_HID_11;20-10-2025;AGUA POTABLE
;PJE CERRO LAS DELICIAS,;557;PE헤FLOR;Instalaci蚤 tuber眼 de HDPE D=20 a 25  mm, sin excavaci蚤;1-8J0B301;1-8J0B30T;2;$16.304,60;$32.609,20;;MOV_HID_11;20-10-2025;AGUA POTABLE
;PORVENIR,;2991;PE헤FLOR;Renovaci蚤 arranque cobre o HDPE entre llaves de paso D=19 a 25 mm;1-8LD1RVV;1-8LD1RWD;1;$70.000,00;$70.000,00;;MOV_HID_12;20-10-2025;AGUA POTABLE
;PORVENIR,;2991;PE헤FLOR;Instalaci蚤 tuber眼 de cobre D=13 a 19 mm, con excavaci蚤;1-8LD1RVV;1-8LD1RWD;1;$23.000,00;$23.000,00;;MOV_HID_12;20-10-2025;AGUA POTABLE
;PORVENIR,;2993;PE헤FLOR;Renovaci蚤 arranque cobre o HDPE entre llaves de paso D=19 a 25 mm;1-8LD1R7F;;1;$70.000,00;$70.000,00;;MOV_HID_12;20-10-2025;AGUA POTABLE
;PORVENIR,;2993;PE헤FLOR;Instalaci蚤 tuber眼 de cobre D=13 a 19 mm, con excavaci蚤;1-8LD1R7F;;1;$23.000,00;$23.000,00;;MOV_HID_12;20-10-2025;AGUA POTABLE
;HISTORIADOR VASSARI,;4545;PEDRO AGUIRRE CERDA;Renovaci蚤 arranque cobre o HDPE entre llaves de paso D=19 a 25 mm;1-8GFLF1B;1-8GFLF23;1;$70.000,00;$70.000,00;;MOV_HID_10;21-10-2025;AGUA POTABLE
;HISTORIADOR VASSARI,;4545;PEDRO AGUIRRE CERDA;Instalaci蚤 tuber眼 de cobre D=13 a 19 mm, con excavaci蚤;1-8GFLF1B;1-8GFLF23;1;$23.000,00;$23.000,00;;MOV_HID_10;21-10-2025;AGUA POTABLE
;LOS COMANDOS,;4606;PEDRO AGUIRRE CERDA;Renovaci蚤 arranque cobre o HDPE entre llaves de paso D=19 a 25 mm;1-8JVBJ27;1-8JVBJ2P;1;$70.000,00;$70.000,00;;MOV_HID_10;21-10-2025;AGUA POTABLE
;LOS COMANDOS,;4606;PEDRO AGUIRRE CERDA;Instalaci蚤 tuber眼 de cobre D=13 a 19 mm, con excavaci蚤;1-8JVBJ27;1-8JVBJ2P;1;$23.000,00;$23.000,00;;MOV_HID_10;21-10-2025;AGUA POTABLE
;MARQUEZ DE OVANDO,;1838;PEDRO AGUIRRE CERDA;Renovaci蚤 arranque cobre o HDPE entre llaves de paso D=19 a 25 mm;1-8GFKL9X;1-8GFKLAP;1;$70.000,00;$70.000,00;;MOV_HID_10;21-10-2025;AGUA POTABLE
;MARQUEZ DE OVANDO,;1838;PEDRO AGUIRRE CERDA;Instalaci蚤 tuber眼 de cobre D=13 a 19 mm, con excavaci蚤;1-8GFKL9X;1-8GFKLAP;1;$23.000,00;$23.000,00;;MOV_HID_10;21-10-2025;AGUA POTABLE
;GUIDO RENI,;5220;PEDRO AGUIRRE CERDA;Renovaci蚤 arranque cobre o HDPE entre llaves de paso D=19 a 25 mm;1-8J0B23T;1-8J0B24L;1;$70.000,00;$70.000,00;;MOV_HID_11;21-10-2025;AGUA POTABLE
;GUIDO RENI,;5220;PEDRO AGUIRRE CERDA;Instalaci蚤 tuber眼 de cobre D=13 a 19 mm, con excavaci蚤;1-8J0B23T;1-8J0B24L;1;$23.000,00;$23.000,00;;MOV_HID_11;21-10-2025;AGUA POTABLE
;GUIDO RENI,;5221;PEDRO AGUIRRE CERDA;Renovaci蚤 arranque cobre o HDPE entre llaves de paso D=19 a 25 mm;1-8J0A0UZ;1-8J0A0VH;1;$70.000,00;$70.000,00;;MOV_HID_11;21-10-2025;AGUA POTABLE
;GUIDO RENI,;5221;PEDRO AGUIRRE CERDA;Instalaci蚤 tuber眼 de cobre D=13 a 19 mm, con excavaci蚤;1-8J0A0UZ;1-8J0A0VH;1;$23.000,00;$23.000,00;;MOV_HID_11;21-10-2025;AGUA POTABLE
;GUIDO RENI,;5280;PEDRO AGUIRRE CERDA;Renovaci蚤 arranque cobre o HDPE entre llaves de paso D=19 a 25 mm;1-8JBR7Y1;1-8JBRNE3;1;$70.000,00;$70.000,00;;MOV_HID_11;21-10-2025;AGUA POTABLE
;GUIDO RENI,;5280;PEDRO AGUIRRE CERDA;Instalaci蚤 tuber眼 de cobre D=13 a 19 mm, con excavaci蚤;1-8JBR7Y1;1-8JBRNE3;1;$23.000,00;$23.000,00;;MOV_HID_11;21-10-2025;AGUA POTABLE
;GUIDO RENI,;5180;PEDRO AGUIRRE CERDA;Renovaci蚤 arranque cobre o HDPE entre llaves de paso D=19 a 25 mm;1-8J0A5DH;1-8J0A5DZ;1;$70.000,00;$70.000,00;;MOV_HID_11;21-10-2025;AGUA POTABLE
;GUIDO RENI,;5180;PEDRO AGUIRRE CERDA;Instalaci蚤 tuber眼 de cobre D=13 a 19 mm, con excavaci蚤;1-8J0A5DH;1-8J0A5DZ;1;$23.000,00;$23.000,00;;MOV_HID_11;21-10-2025;AGUA POTABLE
;RODAS ^  SANTOS MEDEL;;CERRO NAVIA;Agotamiento mec烱ico AP;1-8QFBEVS;;2;$18.644,90;$37.289,81;;MOV_HID_12;21-10-2025;AGUA POTABLE
169763;ARGOS CON PJE CRISTOBAL COLON;;PUDAHUEL;Limpieza de camara de agua potable;1-8OGEJTQ;;1;$45.386,35;$45.386,35;;MOV_HID_12;21-10-2025;AGUA POTABLE
169763;ARGOS CON PJE CRISTOBAL COLON;;PUDAHUEL;Desagripado tapa c炅ara;1-8OGEJTQ;;1;$30.257,06;$30.257,06;;MOV_HID_12;21-10-2025;AGUA POTABLE
;PJE 10 PONIENTE,;671;PE헤FLOR;Atravieso con tuneladora ;1-8KK8I7L;1-8KK8I83;3;$42.791,78;$128.375,34;;MOV_HID_09;22-10-2025;AGUA POTABLE
;PJE 10 PONIENTE,;671;PE헤FLOR;Renovaci蚤 arranque cobre o HDPE entre llaves de paso D=19 a 25 mm;1-8KK8I7L;1-8KK8I83;1;$70.000,00;$70.000,00;;MOV_HID_09;22-10-2025;AGUA POTABLE
;PJE 10 PONIENTE,;671;PE헤FLOR;Renovaci蚤 arranque entre ca吝r眼 matriz y llave de paso exterior, D=19 mm;1-8KK8I7L;1-8KK8I83;1;$72.000,00;$72.000,00;;MOV_HID_09;22-10-2025;AGUA POTABLE
;PJE 10 PONIENTE,;671;PE헤FLOR;Instalaci蚤 tuber眼 de cobre D=13 a 19 mm, con excavaci蚤;1-8KK8I7L;1-8KK8I83;1;$23.000,00;$23.000,00;;MOV_HID_09;22-10-2025;AGUA POTABLE
;PJE 10 PONIENTE,;671;PE헤FLOR;Instalaci蚤 tuber眼 de HDPE D=20 a 25   mm, con excavaci蚤;1-8KK8I7L;1-8KK8I83;3;$29.896,87;$89.690,61;;MOV_HID_09;22-10-2025;AGUA POTABLE
;PJE 10 PONIENTE,;671;PE헤FLOR;Instalaci蚤 tuber眼 de HDPE D=20 a 25  mm, sin excavaci蚤;1-8KK8I7L;1-8KK8I83;3;$16.304,60;$48.913,80;;MOV_HID_09;22-10-2025;AGUA POTABLE
;PJE 10 PONIENTE,;670;PE헤FLOR;Renovaci蚤 arranque entre ca吝r眼 matriz y llave de paso exterior, D=19 mm;1-8KK7EBR;1-8KK7EC9;1;$72.000,00;$72.000,00;;MOV_HID_09;22-10-2025;AGUA POTABLE
;PJE 10 PONIENTE,;670;PE헤FLOR;Instalaci蚤 tuber眼 de HDPE D=20 a 25  mm, sin excavaci蚤;1-8KK7EBR;1-8KK7EC9;2;$16.304,60;$32.609,20;;MOV_HID_09;22-10-2025;AGUA POTABLE
;AV LAZO,;2690;PEDRO AGUIRRE CERDA;Renovaci蚤 arranque cobre o HDPE entre llaves de paso D=19 a 25 mm;1-8HUHJDD;1-8HUHJE5;1;$70.000,00;$70.000,00;;MOV_HID_10;22-10-2025;AGUA POTABLE
;AV LAZO,;2690;PEDRO AGUIRRE CERDA;Instalaci蚤 tuber眼 de cobre D=13 a 19 mm, con excavaci蚤;1-8HUHJDD;1-8HUHJE5;1;$23.000,00;$23.000,00;;MOV_HID_10;22-10-2025;AGUA POTABLE
;RAUL FUICA,;4658;PEDRO AGUIRRE CERDA;Renovaci蚤 arranque cobre o HDPE entre llaves de paso D=19 a 25 mm;1-8JVBJ4P;1-8JVBJ57;1;$70.000,00;$70.000,00;;MOV_HID_11;22-10-2025;AGUA POTABLE
;RAUL FUICA,;4658;PEDRO AGUIRRE CERDA;Instalaci蚤 tuber眼 de cobre D=13 a 19 mm, con excavaci蚤;1-8JVBJ4P;1-8JVBJ57;1;$23.000,00;$23.000,00;;MOV_HID_11;22-10-2025;AGUA POTABLE
;PJE 11,;3018;PEDRO AGUIRRE CERDA;Renovaci蚤 arranque cobre o HDPE entre llaves de paso D=19 a 25 mm;1-8J0MIR3;1-8J0MIRV;1;$70.000,00;$70.000,00;;MOV_HID_11;22-10-2025;AGUA POTABLE
;PJE 11,;3018;PEDRO AGUIRRE CERDA;Instalaci蚤 tuber眼 de cobre D=13 a 19 mm, con excavaci蚤;1-8J0MIR3;1-8J0MIRV;1;$23.000,00;$23.000,00;;MOV_HID_11;22-10-2025;AGUA POTABLE
169736;CIGNUS CON PJE PUERTO DE PALOS;;PUDAHUEL;Desagripado tapa c炅ara;1-8OGRWUB;;1;$30.257,06;$30.257,06;;MOV_HID_12;22-10-2025;AGUA POTABLE
169736;CIGNUS CON PJE PUERTO DE PALOS;;PUDAHUEL;Limpieza de camara de agua potable;1-8OGRWUB;;1;$45.386,35;$45.386,35;;MOV_HID_12;22-10-2025;AGUA POTABLE
169736;CIGNUS CON PJE PUERTO DE PALOS;;PUDAHUEL;Instalaci蚤 de tapa de H.A., en c炅ara de AP  ;1-8OGRWUB;;1;$71.911,00;$71.911,00;;MOV_HID_12;22-10-2025;AGUA POTABLE
169735;CIGNUS CON PJE CRISTOBAL COLON;;PUDAHUEL;Desagripado tapa c炅ara;1-8OGRWXA;;1;$30.257,06;$30.257,06;;MOV_HID_12;22-10-2025;AGUA POTABLE
169735;CIGNUS CON PJE CRISTOBAL COLON;;PUDAHUEL;Limpieza de camara de agua potable;1-8OGRWXA;;1;$45.386,35;$45.386,35;;MOV_HID_12;22-10-2025;AGUA POTABLE
169467;PJE ALFA CENTAURO CON PJE LITORAL;;PUDAHUEL;Desagripado tapa c炅ara;1-8OGRWZ5;;1;$30.257,06;$30.257,06;;MOV_HID_12;22-10-2025;AGUA POTABLE
169467;PJE ALFA CENTAURO CON PJE LITORAL;;PUDAHUEL;Limpieza de camara de agua potable;1-8OGRWZ5;;1;$45.386,35;$45.386,35;;MOV_HID_12;22-10-2025;AGUA POTABLE
;EL ESTRIBO,;2707;PE헤FLOR;Renovaci蚤 arranque cobre o HDPE entre llaves de paso D=19 a 25 mm;1-8RGVZBE;1-8RGVZC6;1;$70.000,00;$70.000,00;;MOV_HID_09;23-10-2025;AGUA POTABLE
;EL ESTRIBO,;2707;PE헤FLOR;Instalaci蚤 tuber眼 de cobre D=13 a 19 mm, con excavaci蚤;1-8RGVZBE;1-8RGVZC6;1;$23.000,00;$23.000,00;;MOV_HID_09;23-10-2025;AGUA POTABLE
;EL ESTRIBO,;2707;PE헤FLOR;Reparaci蚤 entre llave de paso exterior y matriz, D= 13 a 25 mm;1-8RGVZBE;1-8RGVZC6;1;$43.317,50;$43.317,50;;MOV_HID_09;23-10-2025;AGUA POTABLE
;EL ESTRIBO,;2707;PE헤FLOR;Instalaci蚤 tuber眼 de HDPE D=20 a 25   mm, con excavaci蚤;1-8RGVZBE;1-8RGVZC6;0,5;$29.896,87;$14.948,44;;MOV_HID_09;23-10-2025;AGUA POTABLE
;EL ESTRIBO,;2715;PE헤FLOR;Renovaci蚤 arranque cobre o HDPE entre llaves de paso D=19 a 25 mm;1-8RGVX2U;1-8RGVX3C;1;$70.000,00;$70.000,00;;MOV_HID_09;23-10-2025;AGUA POTABLE
;EL ESTRIBO,;2715;PE헤FLOR;Instalaci蚤 tuber眼 de cobre D=13 a 19 mm, con excavaci蚤;1-8RGVX2U;1-8RGVX3C;1;$23.000,00;$23.000,00;;MOV_HID_09;23-10-2025;AGUA POTABLE
;PJE CERRO LOS LECHEROS,;2529;PE헤FLOR;Reparaci蚤 entre llave de paso exterior y matriz, D= 13 a 25 mm;1-8GVSATK;;2;$43.317,50;$86.635,00;3;MOV_HID_10;23-10-2025;AGUA POTABLE
;PJE CERRO LOS LECHEROS,;2529;PE헤FLOR;Instalaci蚤 tuber眼 de HDPE D=20 a 25   mm, con excavaci蚤;1-8GVSATK;;2;$29.896,87;$59.793,74;;MOV_HID_10;23-10-2025;AGUA POTABLE
;PJE CERRO LOS LECHEROS,;2529;PE헤FLOR;Instalaci蚤 tuber眼 de HDPE D=20 a 25  mm, sin excavaci蚤;1-8GVSATK;;2,2;$16.304,60;$35.870,12;;MOV_HID_10;23-10-2025;AGUA POTABLE
;PJE CERRO LOS LECHEROS,;2529;PE헤FLOR;Reparaci蚤 entre llave de paso exterior y matriz, D= 13 a 25 mm, con normalizaci蚤;1-8GVSATK;;2;$75.514,50;$151.029,00;;MOV_HID_10;23-10-2025;AGUA POTABLE
;PJE CERRO LOS LECHEROS,;2529;PE헤FLOR;Instalaci蚤 tuber眼 de HDPE D=20 a 25  mm, sin excavaci蚤;1-8GVSATK;;2;$16.304,60;$32.609,20;;MOV_HID_10;23-10-2025;AGUA POTABLE
;PJE 2,;3009;PE헤FLOR;Renovaci蚤 arranque entre ca吝r眼 matriz y llave de paso exterior, D=19 mm;1-8RINDBM;1-8RINDC4;1;$72.000,00;$72.000,00;3;MOV_HID_10;23-10-2025;AGUA POTABLE
;PJE 2,;3009;PE헤FLOR;Instalaci蚤 tuber眼 de HDPE D=20 a 25   mm, con excavaci蚤;1-8RINDBM;1-8RINDC4;1,4;$29.896,87;$41.855,62;;MOV_HID_10;23-10-2025;AGUA POTABLE
;PJE 2,;3009;PE헤FLOR;Reparaci蚤 entre llave de paso exterior y matriz, D= 13 a 25 mm, con normalizaci蚤;1-8RINDBM;1-8RINDC4;2;$75.514,50;$151.029,00;;MOV_HID_10;23-10-2025;AGUA POTABLE
;PJE 2,;3009;PE헤FLOR;Reparaci蚤 entre llave de paso exterior y matriz, D= 13 a 25 mm;1-8RINDBM;1-8RINDC4;1;$43.317,50;$43.317,50;;MOV_HID_10;23-10-2025;AGUA POTABLE
;PJE 2,;3009;PE헤FLOR;Instalaci蚤 tuber眼 de HDPE D=20 a 25  mm, sin excavaci蚤;1-8RINDBM;1-8RINDC4;1,9;$16.304,60;$30.978,74;;MOV_HID_10;23-10-2025;AGUA POTABLE
;BEETHOVEN,;5365;헷헲A;Renovaci蚤 arranque cobre o HDPE entre llaves de paso D=19 a 25 mm;1-8GFLEY9;1-8GFLEYR ;1;$70.000,00;$70.000,00;;MOV_HID_11;23-10-2025;AGUA POTABLE
;BEETHOVEN,;5365;헷헲A;Instalaci蚤 tuber眼 de cobre D=13 a 19 mm, con excavaci蚤;1-8GFLEY9;1-8GFLEYR ;1;$23.000,00;$23.000,00;;MOV_HID_11;23-10-2025;AGUA POTABLE
;PJE INES DE SUAREZ,;3579;PE헤FLOR;Renovaci蚤 arranque entre ca吝r眼 matriz y llave de paso exterior, D=19 mm;1-8RU48ZP;1-8RU4907;1;$72.000,00;$72.000,00;;MOV_HID_11;23-10-2025;AGUA POTABLE
;PJE INES DE SUAREZ,;3579;PE헤FLOR;Instalaci蚤 tuber眼 de HDPE D=20 a 25   mm, con excavaci蚤;1-8RU48ZP;1-8RU4907;2;$29.896,87;$59.793,74;;MOV_HID_11;23-10-2025;AGUA POTABLE
13666;LA RIOJA CON MANUEL RODRIGUEZ;;RENCA;Limpieza de camara de agua potable;1-8OGRX6U;;1;$45.386,35;$45.386,35;;MOV_HID_12;23-10-2025;AGUA POTABLE
;PJE 2,;3003;PE헤FLOR;Renovaci蚤 arranque entre ca吝r眼 matriz y llave de paso exterior, D=19 mm;1-8RIN7IG;1-8RIN7IY;1;$72.000,00;$72.000,00;;MOV_HID_12;23-10-2025;AGUA POTABLE
;PJE 2,;3003;PE헤FLOR;Instalaci蚤 tuber眼 de HDPE D=20 a 25   mm, con excavaci蚤;1-8RIN7IG;1-8RIN7IY;1,5;$29.896,87;$44.845,31;;MOV_HID_12;23-10-2025;AGUA POTABLE
;PJE 2,;3003;PE헤FLOR;Reparaci蚤 entre llave de paso exterior y matriz, D= 13 a 25 mm, con normalizaci蚤;1-8RIN7IG;1-8RIN7IY;1;$75.514,50;$75.514,50;;MOV_HID_12;23-10-2025;AGUA POTABLE
;PJE 2,;3003;PE헤FLOR;Instalaci蚤 tuber眼 de HDPE D=20 a 25  mm, sin excavaci蚤;1-8RIN7IG;1-8RIN7IY;0,3;$16.304,60;$4.891,38;;MOV_HID_12;23-10-2025;AGUA POTABLE
;FELIX WEINGARDNERT,;1771;PEDRO AGUIRRE CERDA;Renovaci蚤 arranque cobre o HDPE entre llaves de paso D=19 a 25 mm;1-8J0MILT;1-8J0MIMB;1;$70.000,00;$70.000,00;;MOV_HID_09;24-10-2025;AGUA POTABLE
;FELIX WEINGARDNERT,;1771;PEDRO AGUIRRE CERDA;Instalaci蚤 tuber眼 de cobre D=13 a 19 mm, con excavaci蚤;1-8J0MILT;1-8J0MIMB;1;$23.000,00;$23.000,00;;MOV_HID_09;24-10-2025;AGUA POTABLE
;LAS FLORES,;112;PE헤FLOR;Renovaci蚤 arranque cobre o HDPE entre llaves de paso D=19 a 25 mm;1-8RV1T8X;1-8RV1T9F;1;$70.000,00;$70.000,00;;MOV_HID_10;24-10-2025;AGUA POTABLE
;LAS FLORES,;112;PE헤FLOR;Renovaci蚤 arranque entre ca吝r眼 matriz y llave de paso exterior, D=19 mm;1-8RV1T8X;1-8RV1T9F;1;$72.000,00;$72.000,00;;MOV_HID_10;24-10-2025;AGUA POTABLE
;LAS FLORES,;112;PE헤FLOR;Instalaci蚤 tuber眼 de cobre D=13 a 19 mm, con excavaci蚤;1-8RV1T8X;1-8RV1T9F;1;$23.000,00;$23.000,00;;MOV_HID_10;24-10-2025;AGUA POTABLE
;LAS FLORES,;112;PE헤FLOR;Instalaci蚤 tuber眼 de HDPE D=20 a 25   mm, con excavaci蚤;1-8RV1T8X;1-8RV1T9F;1,8;$29.896,87;$53.814,37;;MOV_HID_10;24-10-2025;AGUA POTABLE
;LAS FLORES,;136;PE헤FLOR;Renovaci蚤 arranque cobre o HDPE entre llaves de paso D=19 a 25 mm;1-8RV1R2V;1-8RV1R3D;1;$70.000,00;$70.000,00;;MOV_HID_10;24-10-2025;AGUA POTABLE
;LAS FLORES,;136;PE헤FLOR;Renovaci蚤 arranque entre ca吝r眼 matriz y llave de paso exterior, D=19 mm;1-8RV1R2V;1-8RV1R3D;1;$72.000,00;$72.000,00;;MOV_HID_10;24-10-2025;AGUA POTABLE
;LAS FLORES,;136;PE헤FLOR;Instalaci蚤 tuber眼 de cobre D=13 a 19 mm, con excavaci蚤;1-8RV1R2V;1-8RV1R3D;1;$23.000,00;$23.000,00;;MOV_HID_10;24-10-2025;AGUA POTABLE
;LAS FLORES,;136;PE헤FLOR;Instalaci蚤 tuber眼 de HDPE D=20 a 25   mm, con excavaci蚤;1-8RV1R2V;1-8RV1R3D;1,8;$29.896,87;$53.814,37;;MOV_HID_10;24-10-2025;AGUA POTABLE
;LAS FLORES,;136;PE헤FLOR;Sondaje 1,50 < H < 4,00 metros, sin relleno;1-8RV1R2V;1-8RV1R3D;0,9;$70.037,41;$63.033,67;;MOV_HID_10;24-10-2025;AGUA POTABLE
;BENJAMIN LABBE,;86;PE헤FLOR;Renovaci蚤 arranque cobre o HDPE entre llaves de paso D=19 a 25 mm;1-8RW1Y2X;1-8RW1Y3F;1;$70.000,00;$70.000,00;;MOV_HID_11;24-10-2025;AGUA POTABLE
;BENJAMIN LABBE,;86;PE헤FLOR;Instalaci蚤 tuber眼 de cobre D=13 a 19 mm, con excavaci蚤;1-8RW1Y2X;1-8RW1Y3F;1;$23.000,00;$23.000,00;;MOV_HID_11;24-10-2025;AGUA POTABLE
;COSTA RICA,;1187;PE헤FLOR;Renovaci蚤 arranque cobre o HDPE entre llaves de paso D=19 a 25 mm;1-8RE0M56 ;1-8RE0M5O;1;$70.000,00;$70.000,00;;MOV_HID_11;24-10-2025;AGUA POTABLE
;COSTA RICA,;1187;PE헤FLOR;Instalaci蚤 tuber眼 de cobre D=13 a 19 mm, con excavaci蚤;1-8RE0M56 ;1-8RE0M5O;1;$23.000,00;$23.000,00;;MOV_HID_11;24-10-2025;AGUA POTABLE
;COSTA RICA,;1194;PE헤FLOR;Renovaci蚤 arranque cobre o HDPE entre llaves de paso D=19 a 25 mm;1-8RE12DC;1-8RE12DU;1;$70.000,00;$70.000,00;;MOV_HID_11;24-10-2025;AGUA POTABLE
;COSTA RICA,;1194;PE헤FLOR;Instalaci蚤 tuber眼 de cobre D=13 a 19 mm, con excavaci蚤;1-8RE12DC;1-8RE12DU;1;$23.000,00;$23.000,00;;MOV_HID_11;24-10-2025;AGUA POTABLE
;CONCORDIA,;403;PE헤FLOR;Renovaci蚤 arranque cobre o HDPE entre llaves de paso D=19 a 25 mm;1-8RTAZN5;1-8RTAZQF;1;$70.000,00;$70.000,00;;MOV_HID_12;24-10-2025;AGUA POTABLE
;CONCORDIA,;403;PE헤FLOR;Instalaci蚤 tuber眼 de cobre D=13 a 19 mm, con excavaci蚤;1-8RTAZN5;1-8RTAZQF;1;$23.000,00;$23.000,00;;MOV_HID_12;24-10-2025;AGUA POTABLE
;CONCORDIA,;747;PE헤FLOR;Renovaci蚤 arranque cobre o HDPE entre llaves de paso D=19 a 25 mm;1-8RR1F7R;1-8RR1F89;1;$70.000,00;$70.000,00;;MOV_HID_12;24-10-2025;AGUA POTABLE
;CONCORDIA,;747;PE헤FLOR;Renovaci蚤 arranque entre ca吝r眼 matriz y llave de paso exterior, D=19 mm;1-8RR1F7R;1-8RR1F89;1;$72.000,00;$72.000,00;;MOV_HID_12;24-10-2025;AGUA POTABLE
;CONCORDIA,;747;PE헤FLOR;Instalaci蚤 tuber眼 de cobre D=13 a 19 mm, con excavaci蚤;1-8RR1F7R;1-8RR1F89;1;$23.000,00;$23.000,00;;MOV_HID_12;24-10-2025;AGUA POTABLE
;CONCORDIA,;747;PE헤FLOR;Instalaci蚤 tuber眼 de HDPE D=20 a 25   mm, con excavaci蚤;1-8RR1F7R;1-8RR1F89;2,5;$29.896,87;$74.742,18;;MOV_HID_12;24-10-2025;AGUA POTABLE
1050702;PJ CARABINERO H.NOVOA E.;335  13;EL MONTE;Renovaci蚤 arranque cobre o HDPE entre llaves de paso D=19 a 25 mm;1-8RU97IO;1548527;1;$70.000,00;$70.000,00;2;MOV_HID_09;27-10-2025;AGUA POTABLE
1050702;PJ CARABINERO H.NOVOA E.;335  13;EL MONTE;Instalaci蚤 tuber眼 de HDPE D=20 a 25   mm, con excavaci蚤;1-8RU97IO;1548527;1;$29.896,87;$29.896,87;;MOV_HID_09;27-10-2025;AGUA POTABLE
1050715;PJ CARABINERO H.NOVOA E.;335  23;EL MONTE;Renovaci蚤 arranque cobre o HDPE entre llaves de paso D=19 a 25 mm;1-8RU97KF;1673456;1;$70.000,00;$70.000,00;;MOV_HID_09;27-10-2025;AGUA POTABLE
1050715;PJ CARABINERO H.NOVOA E.;335  23;EL MONTE;Instalaci蚤 tuber眼 de HDPE D=20 a 25   mm, con excavaci蚤;1-8RU97KF;1673456;1;$29.896,87;$29.896,87;;MOV_HID_09;27-10-2025;AGUA POTABLE
;PJ CARABINERO H.NOVOA E.;335  33;EL MONTE;Renovaci蚤 arranque cobre o HDPE entre llaves de paso D=19 a 25 mm;1-8RU97KF;1673456;1;$70.000,00;$70.000,00;;MOV_HID_09;27-10-2025;AGUA POTABLE
;PJ CARABINERO H.NOVOA E.;335  33;EL MONTE;Instalaci蚤 tuber眼 de HDPE D=20 a 25   mm, con excavaci蚤;1-8RU97KF;1673456;1;$29.896,87;$29.896,87;;MOV_HID_09;27-10-2025;AGUA POTABLE
;PJ CARABINERO H.NOVOA E.;335  12;EL MONTE;Renovaci蚤 arranque cobre o HDPE entre llaves de paso D=19 a 25 mm;1-8RU97KF;1673456;1;$70.000,00;$70.000,00;;MOV_HID_09;27-10-2025;AGUA POTABLE
;PJ CARABINERO H.NOVOA E.;335  12;EL MONTE;Instalaci蚤 tuber眼 de HDPE D=20 a 25   mm, con excavaci蚤;1-8RU97KF;1673456;1;$29.896,87;$29.896,87;;MOV_HID_09;27-10-2025;AGUA POTABLE
;CACIQUE MILLACURA, ;78;EL MONTE;Renovaci蚤 arranque entre ca吝r眼 matriz y llave de paso exterior, D=19 mm;1-88K5AMT;;1;$72.000,00;$72.000,00;;MOV_HID_09;27-10-2025;AGUA POTABLE
;CACIQUE MILLACURA, ;78;EL MONTE;Instalaci蚤 tuber眼 de HDPE D=20 a 25   mm, con excavaci蚤;1-88K5AMT;;2;$29.896,87;$59.793,74;;MOV_HID_09;27-10-2025;AGUA POTABLE
;PJE CERRO ALEGRE,;551;PE헤FLOR;Renovaci蚤 arranque cobre o HDPE entre llaves de paso D=19 a 25 mm;1-8HFYLRA;;1;$70.000,00;$70.000,00;;MOV_HID_10;27-10-2025;AGUA POTABLE
;PJE CERRO ALEGRE,;551;PE헤FLOR;Renovaci蚤 arranque entre ca吝r眼 matriz y llave de paso exterior, D=19 mm;1-8HFYLRA;;1;$72.000,00;$72.000,00;;MOV_HID_10;27-10-2025;AGUA POTABLE
;PJE CERRO ALEGRE,;551;PE헤FLOR;Instalaci蚤 tuber眼 de cobre D=13 a 19 mm, con excavaci蚤;1-8HFYLRA;;1;$23.000,00;$23.000,00;;MOV_HID_10;27-10-2025;AGUA POTABLE
;PJE CERRO ALEGRE,;551;PE헤FLOR;Instalaci蚤 tuber眼 de HDPE D=20 a 25   mm, con excavaci蚤;1-8HFYLRA;;1,5;$29.896,87;$44.845,31;;MOV_HID_10;27-10-2025;AGUA POTABLE
;PJE CERRO ALEGRE,;551;PE헤FLOR;Sondaje 1,50 < H < 4,00 metros, sin relleno;1-8HFYLRA;;0,225;$70.037,41;$15.758,42;;MOV_HID_10;27-10-2025;AGUA POTABLE
;MALLOQUITO,;3125;PE헤FLOR;Fuga desestimada;1-8LHHCZG;;1;$21.676,08;$21.676,08;;MOV_HID_11;27-10-2025;AGUA POTABLE
;MALLOQUITO,;3125;PE헤FLOR;Sondaje H < 1,50 metros, sin relleno;1-8LHHCZG;;3,375;$29.459,57;$99.426,06;;MOV_HID_11;27-10-2025;AGUA POTABLE
;MALLOQUITO,;3125;PE헤FLOR;Renovaci蚤 arranque cobre o HDPE entre llaves de paso D=19 a 25 mm;1-8LHHCZG;;1;$70.000,00;$70.000,00;;MOV_HID_11;27-10-2025;AGUA POTABLE
;MALLOQUITO,;3125;PE헤FLOR;Instalaci蚤 tuber眼 de cobre D=13 a 19 mm, con excavaci蚤;1-8LHHCZG;;1;$23.000,00;$23.000,00;;MOV_HID_11;27-10-2025;AGUA POTABLE
1050708;PJ CARABINERO H.NOVOA E.;325  11;EL MONTE;Renovaci蚤 arranque cobre o HDPE entre llaves de paso D=19 a 25 mm;1-8RU97FQ;836620;1;$70.000,00;$70.000,00;;MOV_HID_12;27-10-2025;AGUA POTABLE
1050708;PJ CARABINERO H.NOVOA E.;325  11;EL MONTE;Instalaci蚤 tuber眼 de HDPE D=20 a 25   mm, con excavaci蚤;1-8RU97FQ;836620;1;$29.896,87;$29.896,87;;MOV_HID_12;27-10-2025;AGUA POTABLE
1050714;PJ CARABINERO H.NOVOA E.;325  13;EL MONTE;Renovaci蚤 arranque cobre o HDPE entre llaves de paso D=19 a 25 mm;1-8RU97PR;2296805;1;$70.000,00;$70.000,00;;MOV_HID_12;27-10-2025;AGUA POTABLE
1050714;PJ CARABINERO H.NOVOA E.;325  13;EL MONTE;Instalaci蚤 tuber眼 de HDPE D=20 a 25   mm, con excavaci蚤;1-8RU97PR;2296805;1;$29.896,87;$29.896,87;;MOV_HID_12;27-10-2025;AGUA POTABLE
1050715;PJ CARABINERO H.NOVOA E.;325  23;EL MONTE;Renovaci蚤 arranque cobre o HDPE entre llaves de paso D=19 a 25 mm;1-8RU97KF;1673456;1;$70.000,00;$70.000,00;;MOV_HID_12;27-10-2025;AGUA POTABLE
1050715;PJ CARABINERO H.NOVOA E.;325  23;EL MONTE;Instalaci蚤 tuber眼 de HDPE D=20 a 25   mm, con excavaci蚤;1-8RU97KF;1673456;1;$29.896,87;$29.896,87;;MOV_HID_12;27-10-2025;AGUA POTABLE
;PJE LA MONARQUIA,;585;EL MONTE;Renovaci蚤 arranque entre ca吝r眼 matriz y llave de paso exterior, D=19 mm;1-8ROT2KR;;1;$72.000,00;$72.000,00;;MOV_HID_12;27-10-2025;AGUA POTABLE
;PJE LA MONARQUIA,;585;EL MONTE;Instalaci蚤 tuber眼 de HDPE D=20 a 25   mm, con excavaci蚤;1-8ROT2KR;;1,5;$29.896,87;$44.845,31;;MOV_HID_12;27-10-2025;AGUA POTABLE
;PJE EL GOBERNADOR,;577;EL MONTE;Renovaci蚤 arranque entre ca吝r眼 matriz y llave de paso exterior, D=19 mm;1-8ROT6X5;;1;$72.000,00;$72.000,00;;MOV_HID_09;28-10-2025;AGUA POTABLE
;PJE EL GOBERNADOR,;577;EL MONTE;Instalaci蚤 tuber眼 de HDPE D=20 a 25   mm, con excavaci蚤;1-8ROT6X5;;2;$29.896,87;$59.793,74;;MOV_HID_09;28-10-2025;AGUA POTABLE
;MOISES CHACON,;74;EL MONTE;Reparaci蚤 entre llave de paso exterior y matriz, D= 13 a 25 mm, con normalizaci蚤;1-894TBF1;;1;$75.514,50;$75.514,50;;MOV_HID_09;28-10-2025;AGUA POTABLE
;MOISES CHACON,;74;EL MONTE;Instalaci蚤 tuber眼 de HDPE D=20 a 25   mm, con excavaci蚤;1-894TBF1;;1;$29.896,87;$29.896,87;;MOV_HID_09;28-10-2025;AGUA POTABLE
;PATRICIO ESPINOZA,;242;EL MONTE;Renovaci蚤 arranque cobre o HDPE entre llaves de paso D=19 a 25 mm;1-8RO3AS7;;1;$70.000,00;$70.000,00;;MOV_HID_09;28-10-2025;AGUA POTABLE
;PATRICIO ESPINOZA,;242;EL MONTE;Instalaci蚤 tuber眼 de cobre D=13 a 19 mm, con excavaci蚤;1-8RO3AS7;;1;$23.000,00;$23.000,00;;MOV_HID_09;28-10-2025;AGUA POTABLE
;LAS ESPUELAS,;0;PE헤FLOR;Renovaci蚤 arranque cobre o HDPE entre llaves de paso D=19 a 25 mm;1-8MT39NT;;1;$70.000,00;$70.000,00;;MOV_HID_10;28-10-2025;AGUA POTABLE
;LAS ESPUELAS,;0;PE헤FLOR;Instalaci蚤 tuber眼 de HDPE D=20 a 25   mm, con excavaci蚤;1-8MT39NT;;6;$29.896,87;$179.381,22;;MOV_HID_10;28-10-2025;AGUA POTABLE
;LAS ESPUELAS,;0;PE헤FLOR;Reparaci蚤 entre llave de paso exterior y matriz, D= 13 a 25 mm;1-8MT39NT;;1;$43.317,50;$43.317,50;;MOV_HID_10;28-10-2025;AGUA POTABLE
;LAS QUINCHAS,;0;PE헤FLOR;Renovaci蚤 arranque cobre o HDPE entre llaves de paso D=19 a 25 mm;1-8MT39S2;;1;$70.000,00;$70.000,00;;MOV_HID_10;28-10-2025;AGUA POTABLE
;PROGRESO,;535;PE헤FLOR;Renovaci蚤 arranque cobre o HDPE entre llaves de paso D=19 a 25 mm;1-8GHNUEE;;1;$70.000,00;$70.000,00;;MOV_HID_10;28-10-2025;AGUA POTABLE
;PROGRESO,;535;PE헤FLOR;Instalaci蚤 tuber眼 de HDPE D=20 a 25   mm, con excavaci蚤;1-8GHNUEE;;1;$29.896,87;$29.896,87;;MOV_HID_10;28-10-2025;AGUA POTABLE
;MALLOQUITO,;3214;PE헤FLOR;Sondaje H < 1,50 metros, sin relleno;1-8LH3X2Q;;3,375;$29.459,57;$99.426,06;;MOV_HID_11;28-10-2025;AGUA POTABLE
;MALLOQUITO,;3214;PE헤FLOR;cambio de valvula en red existente 150 ? D ? 200 mm;1-8LH3X2Q;;1;$222.042,80;$222.042,80;;MOV_HID_11;28-10-2025;AGUA POTABLE
;MALLOQUITO,;3214;PE헤FLOR;Agotamiento mec烱ico AP;1-8LH3X2Q;;2;$18.644,90;$37.289,81;;MOV_HID_11;28-10-2025;AGUA POTABLE
;MALLOQUITO,;3214;PE헤FLOR;Rotura de pavimento mediano;1-8LH3X2Q;;2,25;$15.725,35;$35.382,04;;MOV_HID_11;28-10-2025;AGUA POTABLE
;PJE LA MONARQUIA,;584;EL MONTE;Atravieso con tuneladora ;;;3;$42.791,78;$128.375,34;;MOV_HID_12;28-10-2025;AGUA POTABLE
;PJE LA MONARQUIA,;584;EL MONTE;Renovaci蚤 arranque entre ca吝r眼 matriz y llave de paso exterior, D=19 mm;;;1;$72.000,00;$72.000,00;;MOV_HID_12;28-10-2025;AGUA POTABLE
;PJE LA MONARQUIA,;584;EL MONTE;Instalaci蚤 tuber眼 de HDPE D=20 a 25  mm, sin excavaci蚤;;;3;$16.304,60;$48.913,80;;MOV_HID_12;28-10-2025;AGUA POTABLE
;PJE LA MONARQUIA,;584;EL MONTE;Instalaci蚤 tuber眼 de HDPE D=20 a 25   mm, con excavaci蚤;;;4,5;$29.896,87;$134.535,92;;MOV_HID_12;28-10-2025;AGUA POTABLE
;AV LOS CARRERA,;679;EL MONTE;Renovaci蚤 arranque cobre o HDPE entre llaves de paso D=19 a 25 mm;1-8RO35HN;;1;$70.000,00;$70.000,00;;MOV_HID_12;28-10-2025;AGUA POTABLE
;AV LOS CARRERA,;679;EL MONTE;Instalaci蚤 tuber眼 de cobre D=13 a 19 mm, con excavaci蚤;1-8RO35HN;;1;$23.000,00;$23.000,00;;MOV_HID_12;28-10-2025;AGUA POTABLE
;PJE 2,;3008;PE헤FLOR;Reparaci蚤 entre llave de paso exterior y matriz, D= 13 a 25 mm;1-8LDJX7B;;1;$43.317,50;$43.317,50;;MOV_HID_12;28-10-2025;AGUA POTABLE
;PJE 2,;3008;PE헤FLOR;Instalaci蚤 tuber眼 de HDPE D=20 a 25   mm, con excavaci蚤;1-8LDJX7B;;0,5;$29.896,87;$14.948,44;;MOV_HID_12;28-10-2025;AGUA POTABLE
;ERRAZURIZ,;106;EL MONTE;Renovaci蚤 arranque cobre o HDPE entre llaves de paso D=19 a 25 mm;1-8RX40A5;;1;$70.000,00;$70.000,00;;MOV_HID_09;29-10-2025;AGUA POTABLE
;ERRAZURIZ,;106;EL MONTE;Renovaci蚤 arranque entre ca吝r眼 matriz y llave de paso exterior, D=19 mm;1-8RX40A5;;1;$72.000,00;$72.000,00;;MOV_HID_09;29-10-2025;AGUA POTABLE
;ERRAZURIZ,;106;EL MONTE;Instalaci蚤 tuber眼 de cobre D=13 a 19 mm, con excavaci蚤;1-8RX40A5;;1;$23.000,00;$23.000,00;;MOV_HID_09;29-10-2025;AGUA POTABLE
;ERRAZURIZ,;106;EL MONTE;Instalaci蚤 tuber眼 de HDPE D=20 a 25   mm, con excavaci蚤;1-8RX40A5;;4,5;$29.896,87;$134.535,92;;MOV_HID_09;29-10-2025;AGUA POTABLE
;CARLOS CROVETTO,;335;EL MONTE;Renovaci蚤 arranque cobre o HDPE entre llaves de paso D=19 a 25 mm;1-8RO3DBL;;1;$70.000,00;$70.000,00;;MOV_HID_09;29-10-2025;AGUA POTABLE
;CARLOS CROVETTO,;335;EL MONTE;Renovaci蚤 arranque entre ca吝r眼 matriz y llave de paso exterior, D=19 mm;1-8RO3DBL;;1;$72.000,00;$72.000,00;;MOV_HID_09;29-10-2025;AGUA POTABLE
;CARLOS CROVETTO,;335;EL MONTE;Instalaci蚤 tuber眼 de cobre D=13 a 19 mm, con excavaci蚤;1-8RO3DBL;;1;$23.000,00;$23.000,00;;MOV_HID_09;29-10-2025;AGUA POTABLE
;CARLOS CROVETTO,;335;EL MONTE;Instalaci蚤 tuber眼 de HDPE D=20 a 25   mm, con excavaci蚤;1-8RO3DBL;;2;$29.896,87;$59.793,74;;MOV_HID_09;29-10-2025;AGUA POTABLE
;BAQUEDANO,;730;EL MONTE;Renovaci蚤 arranque cobre o HDPE entre llaves de paso D=19 a 25 mm;1-8RPJAKX;;1;$70.000,00;$70.000,00;;MOV_HID_09;29-10-2025;AGUA POTABLE
;BAQUEDANO,;730;EL MONTE;Instalaci蚤 tuber眼 de HDPE D=20 a 25   mm, con excavaci蚤;1-8RPJAKX;;1;$29.896,87;$29.896,87;;MOV_HID_09;29-10-2025;AGUA POTABLE
;GALVARINO,;847;EL MONTE;Renovaci蚤 arranque cobre o HDPE entre llaves de paso D=19 a 25 mm;1-8RV1TAL;;1;$70.000,00;$70.000,00;;MOV_HID_10;29-10-2025;AGUA POTABLE
;GALVARINO,;847;EL MONTE;Renovaci蚤 arranque entre ca吝r眼 matriz y llave de paso exterior, D=19 mm;1-8RV1TAL;;1;$72.000,00;$72.000,00;;MOV_HID_10;29-10-2025;AGUA POTABLE
;GALVARINO,;847;EL MONTE;Instalaci蚤 tuber眼 de cobre D=13 a 19 mm, con excavaci蚤;1-8RV1TAL;;1;$23.000,00;$23.000,00;;MOV_HID_10;29-10-2025;AGUA POTABLE
;GALVARINO,;847;EL MONTE;Instalaci蚤 tuber眼 de HDPE D=20 a 25   mm, con excavaci蚤;1-8RV1TAL;;1,5;$29.896,87;$44.845,31;;MOV_HID_10;29-10-2025;AGUA POTABLE
;MALLOQUITO,;2581;PE헤FLOR;Renovaci蚤 arranque cobre o HDPE entre llaves de paso D=19 a 25 mm;1-8MR4705;;1;$70.000,00;$70.000,00;;MOV_HID_11;29-10-2025;AGUA POTABLE
;MALLOQUITO,;2581;PE헤FLOR;Instalaci蚤 tuber眼 de cobre D=13 a 19 mm, con excavaci蚤;1-8MR4705;;1;$23.000,00;$23.000,00;;MOV_HID_11;29-10-2025;AGUA POTABLE
;EL ESTRIBO,;2723;PE헤FLOR;Renovaci蚤 arranque cobre o HDPE entre llaves de paso D=19 a 25 mm;1-8RHSVZG;;1;$70.000,00;$70.000,00;;MOV_HID_11;29-10-2025;AGUA POTABLE
;EL ESTRIBO,;2723;PE헤FLOR;Instalaci蚤 tuber眼 de cobre D=13 a 19 mm, con excavaci蚤;1-8RHSVZG;;1;$23.000,00;$23.000,00;;MOV_HID_11;29-10-2025;AGUA POTABLE
;FRESIA,;589;EL MONTE;Renovaci蚤 arranque entre ca吝r眼 matriz y llave de paso exterior, D=19 mm;1-8RV1RXF;;1;$72.000,00;$72.000,00;;MOV_HID_12;29-10-2025;AGUA POTABLE
;FRESIA,;589;EL MONTE;Instalaci蚤 tuber眼 de HDPE D=20 a 25   mm, con excavaci蚤;1-8RV1RXF;;1,5;$29.896,87;$44.845,31;;MOV_HID_12;29-10-2025;AGUA POTABLE
;PJE LOS GUINDOS,;660;EL MONTE;Renovaci蚤 arranque cobre o HDPE entre llaves de paso D=19 a 25 mm;1-8SMS3XZ;;1;$70.000,00;$70.000,00;;MOV_HID_12;29-10-2025;AGUA POTABLE
;PJE LOS GUINDOS,;660;EL MONTE;Renovaci蚤 arranque entre ca吝r眼 matriz y llave de paso exterior, D=19 mm;1-8SMS3XZ;;1;$72.000,00;$72.000,00;;MOV_HID_12;29-10-2025;AGUA POTABLE
;PJE LOS GUINDOS,;660;EL MONTE;Instalaci蚤 tuber眼 de cobre D=13 a 19 mm, con excavaci蚤;1-8SMS3XZ;;1;$23.000,00;$23.000,00;;MOV_HID_12;29-10-2025;AGUA POTABLE
;PJE LOS GUINDOS,;660;EL MONTE;Instalaci蚤 tuber眼 de HDPE D=20 a 25   mm, con excavaci蚤;1-8SMS3XZ;;2,2;$29.896,87;$65.773,12;;MOV_HID_12;29-10-2025;AGUA POTABLE
169075;EL AVELLANO ^  JAIME GUZMAN ERRAZURRIZ;;PUDAHUEL;Desagripado tapa c炅ara;1-8UIO4DK;;1;$30.257,06;$30.257,06;;MOV_HID_09;30-10-2025;AGUA POTABLE
169075;EL AVELLANO ^  JAIME GUZMAN ERRAZURRIZ;;PUDAHUEL;Limpieza de camara de agua potable;1-8UIO4DK;;1;$45.386,35;$45.386,35;;MOV_HID_09;30-10-2025;AGUA POTABLE
169347;ISLA GRAFTON ^  JAIME GUZMAN ERRAZURRIZ;;PUDAHUEL;Desagripado tapa c炅ara;1-8UIJL6N;;1;$30.257,06;$30.257,06;;MOV_HID_09;30-10-2025;AGUA POTABLE
169347;ISLA GRAFTON ^  JAIME GUZMAN ERRAZURRIZ;;PUDAHUEL;Limpieza de camara de agua potable;1-8UIJL6N;;1;$45.386,35;$45.386,35;;MOV_HID_09;30-10-2025;AGUA POTABLE
169224;PJE EL ARCE ^  JAIME GUZMAN ERRAZURRIZ;;PUDAHUEL;Desagripado tapa c炅ara;1-8UIO4I7;;1;$30.257,06;$30.257,06;;MOV_HID_09;30-10-2025;AGUA POTABLE
169224;PJE EL ARCE ^  JAIME GUZMAN ERRAZURRIZ;;PUDAHUEL;Limpieza de camara de agua potable;1-8UIO4I7;;1;$45.386,35;$45.386,35;;MOV_HID_09;30-10-2025;AGUA POTABLE
169730;CIGNUS ^  OCEANIA;;PUDAHUEL;Desagripado tapa c炅ara;1-8UIO4N4;;1;$30.257,06;$30.257,06;;MOV_HID_09;30-10-2025;AGUA POTABLE
169730;CIGNUS ^  OCEANIA;;PUDAHUEL;Limpieza de camara de agua potable;1-8UIO4N4;;1;$45.386,35;$45.386,35;;MOV_HID_09;30-10-2025;AGUA POTABLE
;PJE LOS REALISTAS, 577;;EL MONTE;Renovaci蚤 arranque cobre o HDPE entre llaves de paso D=19 a 25 mm;1-8RQ9N63;;1;$70.000,00;$70.000,00;1;MOV_HID_10;30-10-2025;AGUA POTABLE
;PJE LOS REALISTAS, 577;;EL MONTE;Renovaci蚤 arranque entre ca吝r眼 matriz y llave de paso exterior, D=19 mm;1-8RQ9N63;;1;$72.000,00;$72.000,00;;MOV_HID_10;30-10-2025;AGUA POTABLE
;PJE LOS REALISTAS, 577;;EL MONTE;Instalaci蚤 tuber眼 de cobre D=13 a 19 mm, con excavaci蚤;1-8RQ9N63;;1;$23.000,00;$23.000,00;;MOV_HID_10;30-10-2025;AGUA POTABLE
;PJE LOS REALISTAS, 577;;EL MONTE;Instalaci蚤 tuber眼 de HDPE D=20 a 25   mm, con excavaci蚤;1-8RQ9N63;;1,5;$29.896,87;$44.845,31;;MOV_HID_10;30-10-2025;AGUA POTABLE
;PJE LOS REALISTAS, 577;;EL MONTE;Reparaci蚤 entre llave de paso exterior y matriz, D= 13 a 25 mm, con normalizaci蚤;1-8RQ9N63;;1;$75.514,50;$75.514,50;;MOV_HID_10;30-10-2025;AGUA POTABLE
;PJE LOS REALISTAS, 577;;EL MONTE;Instalaci蚤 tuber眼 de HDPE D=20 a 25  mm, sin excavaci蚤;1-8RQ9N63;;1,5;$16.304,60;$24.456,90;;MOV_HID_10;30-10-2025;AGUA POTABLE
;PJE LOS REALISTAS, 577;;EL MONTE;Sondaje 1,50 < H < 4,00 metros, sin relleno;1-8RQ9N63;;0,1;$70.037,41;$7.003,74;;MOV_HID_10;30-10-2025;AGUA POTABLE
;PJE 3 PONIENTE, 227;;EL MONTE;Renovaci蚤 arranque cobre o HDPE entre llaves de paso D=19 a 25 mm;1-8RR172Z;;1;$70.000,00;$70.000,00;;MOV_HID_11;30-10-2025;AGUA POTABLE
;PJE 3 PONIENTE, 227;;EL MONTE;Instalaci蚤 tuber眼 de cobre D=13 a 19 mm, con excavaci蚤;1-8RR172Z;;1;$23.000,00;$23.000,00;;MOV_HID_11;30-10-2025;AGUA POTABLE
;PJE 4 PONIENTE, 722;;EL MONTE;Renovaci蚤 arranque cobre o HDPE entre llaves de paso D=19 a 25 mm;1-8RX407D;;1;$70.000,00;$70.000,00;;MOV_HID_11;30-10-2025;AGUA POTABLE
;PJE 4 PONIENTE, 722;;EL MONTE;Instalaci蚤 tuber眼 de cobre D=13 a 19 mm, con excavaci蚤;1-8RX407D;;1;$23.000,00;$23.000,00;;MOV_HID_11;30-10-2025;AGUA POTABLE
;PJE 4 SUR, 720;;EL MONTE;Renovaci蚤 arranque cobre o HDPE entre llaves de paso D=19 a 25 mm;1-8RX408R;;1;$70.000,00;$70.000,00;;MOV_HID_11;30-10-2025;AGUA POTABLE
;PJE 4 SUR, 720;;EL MONTE;Instalaci蚤 tuber眼 de cobre D=13 a 19 mm, con excavaci蚤;1-8RX408R;;1;$23.000,00;$23.000,00;;MOV_HID_11;30-10-2025;AGUA POTABLE
;BAQUEDANO, 705;;EL MONTE;Renovaci蚤 arranque cobre o HDPE entre llaves de paso D=19 a 25 mm;1-8RR0MRV;;1;$70.000,00;$70.000,00;;MOV_HID_12;30-10-2025;AGUA POTABLE
;BAQUEDANO, 705;;EL MONTE;Instalaci蚤 tuber眼 de cobre D=13 a 19 mm, con excavaci蚤;1-8RR0MRV;;1;$23.000,00;$23.000,00;;MOV_HID_12;30-10-2025;AGUA POTABLE
;PJE CABO 2 RUDY KELLER J, 347;;EL MONTE;Renovaci蚤 arranque cobre o HDPE entre llaves de paso D=19 a 25 mm;1-8SIFSZF;;4;$70.000,00;$280.000,00;3;MOV_HID_12;30-10-2025;AGUA POTABLE
;PJE CABO 2 RUDY KELLER J, 347;;EL MONTE;Instalaci蚤 tuber眼 de cobre D=13 a 19 mm, con excavaci蚤;1-8SIFSZF;;4;$23.000,00;$92.000,00;;MOV_HID_12;30-10-2025;AGUA POTABLE
;PJE 10 PONIENTE,;671;PE헤FLOR;Reparaci蚤 de ca吝r眼 matriz con abrazadera, 150 < D ? 200;1-8KK8I7L ;1-8KK8I83;1;$209.581,00;$209.581,00;;MOV_HID_09;03-11-2025;AGUA POTABLE
;PJE LOS HALCONES,;3004;PE헤FLOR;Reparaci蚤 entre llave de paso exterior y matriz, D= 13 a 25 mm, con normalizaci蚤;1-8REZZIK;;1;$75.514,50;$75.514,50;;MOV_HID_09;03-11-2025;AGUA POTABLE
;PJE LOS HALCONES,;3004;PE헤FLOR;Instalaci蚤 tuber眼 de HDPE D=20 a 25   mm, con excavaci蚤;1-8REZZIK;;1;$29.896,87;$29.896,87;;MOV_HID_09;03-11-2025;AGUA POTABLE
;LO MARQUEZ,;717;PE헤FLOR;Renovaci蚤 arranque cobre o HDPE entre llaves de paso D=19 a 25 mm;1-8REZVVQ;;1;$70.000,00;$70.000,00;;MOV_HID_10;03-11-2025;AGUA POTABLE
;LO MARQUEZ,;717;PE헤FLOR;Renovaci蚤 arranque entre ca吝r眼 matriz y llave de paso exterior, D=19 mm;1-8REZVVQ;;1;$72.000,00;$72.000,00;;MOV_HID_10;03-11-2025;AGUA POTABLE
;LO MARQUEZ,;717;PE헤FLOR;Instalaci蚤 tuber眼 de cobre D=13 a 19 mm, con excavaci蚤;1-8REZVVQ;;1;$23.000,00;$23.000,00;;MOV_HID_10;03-11-2025;AGUA POTABLE
;LO MARQUEZ,;717;PE헤FLOR;Instalaci蚤 tuber眼 de HDPE D=20 a 25   mm, con excavaci蚤;1-8REZVVQ;;2,5;$29.896,87;$74.742,18;;MOV_HID_10;03-11-2025;AGUA POTABLE
;LAS ARAUCARIAS, ;457;EL MONTE;Renovaci蚤 arranque entre ca吝r眼 matriz y llave de paso exterior, D=19 mm;1-8SOSPGX;;1;$72.000,00;$72.000,00;;MOV_HID_11;03-11-2025;AGUA POTABLE
;LAS ARAUCARIAS, ;457;EL MONTE;Instalaci蚤 tuber眼 de HDPE D=20 a 25   mm, con excavaci蚤;1-8SOSPGX;;2,1;$29.896,87;$62.783,43;;MOV_HID_11;03-11-2025;AGUA POTABLE
;PJE 4 PONIENTE, ;230;EL MONTE;Renovaci蚤 arranque cobre o HDPE entre llaves de paso D=19 a 25 mm;1-8RR181Z;;1;$70.000,00;$70.000,00;;MOV_HID_11;03-11-2025;AGUA POTABLE
;PJE 4 PONIENTE, ;230;EL MONTE;Instalaci蚤 tuber眼 de cobre D=13 a 19 mm, con excavaci蚤;1-8RR181Z;;1;$23.000,00;$23.000,00;;MOV_HID_11;03-11-2025;AGUA POTABLE
;FRANCISCO ENCINA,;757;EL MONTE;Renovaci蚤 arranque cobre o HDPE entre llaves de paso D=19 a 25 mm;1-8AQG1GF;;1;$70.000,00;$70.000,00;;MOV_HID_12;03-11-2025;AGUA POTABLE
;FRANCISCO ENCINA,;757;EL MONTE;Instalaci蚤 tuber眼 de cobre D=13 a 19 mm, con excavaci蚤;1-8AQG1GF;;1;$23.000,00;$23.000,00;;MOV_HID_12;03-11-2025;AGUA POTABLE
;LOS CIPRESES, ;223;EL MONTE;Reparaci蚤 entre llaves de paso, D=13 mm, con excavaci蚤 y remplazo de llave de paso;1-8UDFN2B;1-8UDFN2T;1;$21.149,11;$21.149,11;;MOV_HID_09;04-11-2025;AGUA POTABLE
;PJE LOS PATRIOTAS, ;579;EL MONTE;Renovaci蚤 arranque entre ca吝r眼 matriz y llave de paso exterior, D=19 mm;1-8RQ9ER1;;1;$72.000,00;$72.000,00;;MOV_HID_09;04-11-2025;AGUA POTABLE
;PJE LOS PATRIOTAS, ;579;EL MONTE;Instalaci蚤 tuber眼 de HDPE D=20 a 25   mm, con excavaci蚤;1-8RQ9ER1;;2;$29.896,87;$59.793,74;;MOV_HID_09;04-11-2025;AGUA POTABLE
;MALLOQUITO, ;3060;PE헤FLOR;Renovaci蚤 arranque cobre o HDPE entre llaves de paso D=19 a 25 mm;1-8MSWK1O;;1;$70.000,00;$70.000,00;;MOV_HID_10;04-11-2025;AGUA POTABLE
;MALLOQUITO, ;3060;PE헤FLOR;Instalaci蚤 tuber眼 de HDPE D=20 a 25   mm, con excavaci蚤;1-8MSWK1O;;1;$29.896,87;$29.896,87;;MOV_HID_10;04-11-2025;AGUA POTABLE
;MALLOQUITO, ;3067;PE헤FLOR;Renovaci蚤 arranque cobre o HDPE entre llaves de paso D=19 a 25 mm;1-8MSWJY7;;1;$70.000,00;$70.000,00;;MOV_HID_10;04-11-2025;AGUA POTABLE
;MALLOQUITO, ;3067;PE헤FLOR;Instalaci蚤 tuber眼 de HDPE D=20 a 25   mm, con excavaci蚤;1-8MSWJY7;;1;$29.896,87;$29.896,87;;MOV_HID_10;04-11-2025;AGUA POTABLE
;EL ESTRIBO, ;2790;PE헤FLOR;Renovaci蚤 arranque cobre o HDPE entre llaves de paso D=19 a 25 mm;1-8RGW3P6;;1;$70.000,00;$70.000,00;1;MOV_HID_11;04-11-2025;AGUA POTABLE
;EL ESTRIBO, ;2790;PE헤FLOR;Renovaci蚤 arranque entre ca吝r眼 matriz y llave de paso exterior, D=19 mm;1-8RGW3P6;;1;$72.000,00;$72.000,00;;MOV_HID_11;04-11-2025;AGUA POTABLE
;EL ESTRIBO, ;2790;PE헤FLOR;Atravieso con tuneladora ;1-8RGW3P6;;3;$42.791,78;$128.375,34;;MOV_HID_11;04-11-2025;AGUA POTABLE
;EL ESTRIBO, ;2790;PE헤FLOR;Instalaci蚤 tuber眼 de HDPE D=20 a 25  mm, sin excavaci蚤;1-8RGW3P6;;3;$16.304,60;$48.913,80;;MOV_HID_11;04-11-2025;AGUA POTABLE
;EL ESTRIBO, ;2790;PE헤FLOR;Instalaci蚤 tuber眼 de HDPE D=20 a 25   mm, con excavaci蚤;1-8RGW3P6;;3,2;$29.896,87;$95.669,99;;MOV_HID_11;04-11-2025;AGUA POTABLE
;EL ESTRIBO, ;2790;PE헤FLOR;Instalaci蚤 tuber眼 de cobre D=13 a 19 mm, con excavaci蚤;1-8RGW3P6;;1;$23.000,00;$23.000,00;;MOV_HID_11;04-11-2025;AGUA POTABLE
;EL ESTRIBO, ;2789;PE헤FLOR;Renovaci蚤 arranque cobre o HDPE entre llaves de paso D=19 a 25 mm;1-8RGW3P6;;1;$70.000,00;$70.000,00;;MOV_HID_11;04-11-2025;AGUA POTABLE
;EL ESTRIBO, ;2789;PE헤FLOR;Instalaci蚤 tuber眼 de cobre D=13 a 19 mm, con excavaci蚤;1-8RGW3P6;;0,4;$23.000,00;$9.200,00;;MOV_HID_11;04-11-2025;AGUA POTABLE
;FRESIA, ;855;EL MONTE;Atravieso con tuneladora ;1-8RW1X3X;;3;$42.791,78;$128.375,34;;MOV_HID_12;04-11-2025;AGUA POTABLE
;FRESIA, ;855;EL MONTE;Renovaci蚤 arranque entre ca吝r眼 matriz y llave de paso exterior, D=19 mm;1-8RW1X3X;;1;$72.000,00;$72.000,00;;MOV_HID_12;04-11-2025;AGUA POTABLE
;FRESIA, ;855;EL MONTE;Instalaci蚤 tuber眼 de HDPE D=20 a 25   mm, con excavaci蚤;1-8RW1X3X;;3;$29.896,87;$89.690,61;;MOV_HID_12;04-11-2025;AGUA POTABLE
;FRESIA, ;855;EL MONTE;Instalaci蚤 tuber眼 de HDPE D=20 a 25  mm, sin excavaci蚤;1-8RW1X3X;;3;$16.304,60;$48.913,80;;MOV_HID_12;04-11-2025;AGUA POTABLE
;PJE LOS GUINDOS, ;660;EL MONTE;Renovaci蚤 arranque entre ca吝r眼 matriz y llave de paso exterior, D=19 mm;;;1;$72.000,00;$72.000,00;;MOV_HID_12;04-11-2025;AGUA POTABLE
;PJE LOS GUINDOS, ;660;EL MONTE;Atravieso con tuneladora ;;;3;$42.791,78;$128.375,34;;MOV_HID_12;04-11-2025;AGUA POTABLE
;PJE LOS GUINDOS, ;660;EL MONTE;Instalaci蚤 tuber眼 de HDPE D=20 a 25   mm, con excavaci蚤;;;4;$29.896,87;$119.587,48;;MOV_HID_12;04-11-2025;AGUA POTABLE
;PJE LOS GUINDOS, ;660;EL MONTE;Instalaci蚤 tuber眼 de HDPE D=20 a 25  mm, sin excavaci蚤;;;3;$16.304,60;$48.913,80;;MOV_HID_12;04-11-2025;AGUA POTABLE
;PJE LOS GUINDOS, ;660;EL MONTE;Sondaje 1,50 < H < 4,00 metros, sin relleno;;;0,675;$70.037,41;$47.275,25;;MOV_HID_12;04-11-2025;AGUA POTABLE
;PJE LOS GUINDOS, ;660;EL MONTE;Sondaje 1,50 < H < 4,00 metros, sin relleno;;;0,675;$70.037,41;$47.275,25;;MOV_HID_12;04-11-2025;AGUA POTABLE
181182;AV AMERICO VESPUCIO ^  ALCALDE JUAN LARENAS;;QUILICURA;Sondaje H < 1,50 metros, sin relleno;1-8VGDVHK;;2,535;$29.459,57;$74.680,02;;MOV_HID_09;05-11-2025;AGUA POTABLE
181182;AV AMERICO VESPUCIO ^  ALCALDE JUAN LARENAS;;QUILICURA;Sondaje 1,50 < H < 4,00 metros, sin relleno;1-8VGDVHK;;1,014;$70.037,41;$71.017,93;;MOV_HID_09;05-11-2025;AGUA POTABLE
;FREIRE, ;61;EL MONTE;Renovaci蚤 arranque cobre o HDPE entre llaves de paso D=19 a 25 mm;1-8UCZDWR;;1;$70.000,00;$70.000,00;;MOV_HID_10;05-11-2025;AGUA POTABLE
;FREIRE, ;61;EL MONTE;Instalaci蚤 tuber眼 de cobre D=13 a 19 mm, con excavaci蚤;1-8UCZDWR;;1;$23.000,00;$23.000,00;;MOV_HID_10;05-11-2025;AGUA POTABLE
;FREIRE, ;147;EL MONTE;Renovaci蚤 arranque cobre o HDPE entre llaves de paso D=19 a 25 mm;1-8UDFYSJ;;1;$70.000,00;$70.000,00;;MOV_HID_10;05-11-2025;AGUA POTABLE
;FREIRE, ;147;EL MONTE;Instalaci蚤 tuber眼 de cobre D=13 a 19 mm, con excavaci蚤;1-8UDFYSJ;;1;$23.000,00;$23.000,00;;MOV_HID_10;05-11-2025;AGUA POTABLE
;SAN ANTONIO, ;345;EL MONTE;Reparaci蚤 entre llaves de paso, D=13 mm, con excavaci蚤 y remplazo de llave de paso;1-8V7QQSV;;1;$21.149,11;$21.149,11;;MOV_HID_11;05-11-2025;AGUA POTABLE
;1 ORIENTE, ;40;EL MONTE;Renovaci蚤 arranque cobre o HDPE entre llaves de paso D=19 a 25 mm;1-8V7QRF3;;3;$70.000,00;$210.000,00;2;MOV_HID_11;05-11-2025;AGUA POTABLE
;1 ORIENTE, ;40;EL MONTE;Instalaci蚤 tuber眼 de cobre D=13 a 19 mm, con excavaci蚤;1-8V7QRF3;;3;$23.000,00;$69.000,00;;MOV_HID_11;05-11-2025;AGUA POTABLE
;GALVARINO;823;EL MONTE;Renovaci蚤 arranque cobre o HDPE entre llaves de paso D=19 a 25 mm;1-8RU49G3  ;;1;$70.000,00;$70.000,00;;MOV_HID_11;05-11-2025;AGUA POTABLE
;GALVARINO;823;EL MONTE;Renovaci蚤 arranque entre ca吝r眼 matriz y llave de paso exterior, D=19 mm;1-8RU49G3  ;;1;$72.000,00;$72.000,00;;MOV_HID_11;05-11-2025;AGUA POTABLE
;GALVARINO;823;EL MONTE;Instalaci蚤 tuber眼 de cobre D=13 a 19 mm, con excavaci蚤;1-8RU49G3  ;;1,2;$23.000,00;$27.600,00;;MOV_HID_11;05-11-2025;AGUA POTABLE
;GALVARINO;823;EL MONTE;Instalaci蚤 tuber眼 de HDPE D=20 a 25   mm, con excavaci蚤;1-8RU49G3  ;;1,5;$29.896,87;$44.845,31;;MOV_HID_11;05-11-2025;AGUA POTABLE
;ELEUTERIO RAMIREZ, ;187;EL MONTE;Renovaci蚤 arranque cobre o HDPE entre llaves de paso D=19 a 25 mm;1-8UCZE4T;;1;$70.000,00;$70.000,00;;MOV_HID_12;05-11-2025;AGUA POTABLE
;ELEUTERIO RAMIREZ, ;187;EL MONTE;Instalaci蚤 tuber眼 de cobre D=13 a 19 mm, con excavaci蚤;1-8UCZE4T;;1;$23.000,00;$23.000,00;;MOV_HID_12;05-11-2025;AGUA POTABLE
;1 ORIENTE, ;12;EL MONTE;Reparaci蚤 entre llave de paso exterior y matriz, D= 13 a 25 mm, con normalizaci蚤;1-8V78OXL;;1;$75.514,50;$75.514,50;;MOV_HID_09;06-11-2025;AGUA POTABLE
;1 ORIENTE, ;12;EL MONTE;Instalaci蚤 tuber眼 de HDPE D=20 a 25   mm, con excavaci蚤;1-8V78OXL;;1;$29.896,87;$29.896,87;;MOV_HID_09;06-11-2025;AGUA POTABLE
;1 ORIENTE, ;19;EL MONTE;Renovaci蚤 arranque entre ca吝r眼 matriz y llave de paso exterior, D=19 mm;1-8V78OXL;;1;$72.000,00;$72.000,00;;MOV_HID_09;06-11-2025;AGUA POTABLE
;1 ORIENTE, ;19;EL MONTE;Instalaci蚤 tuber眼 de HDPE D=20 a 25   mm, con excavaci蚤;1-8V78OXL;;2;$29.896,87;$59.793,74;;MOV_HID_09;06-11-2025;AGUA POTABLE
;1 ORIENTE, ;20;EL MONTE;Reparaci蚤 entre llave de paso exterior y matriz, D= 13 a 25 mm, con normalizaci蚤;1-8V78OXL;;1;$75.514,50;$75.514,50;;MOV_HID_09;06-11-2025;AGUA POTABLE
;1 ORIENTE, ;20;EL MONTE;Instalaci蚤 tuber眼 de HDPE D=20 a 25  mm, sin excavaci蚤;1-8V78OXL;;1;$16.304,60;$16.304,60;;MOV_HID_09;06-11-2025;AGUA POTABLE
;PJE CACIQUE NARONGO, ;541;EL MONTE;Renovaci蚤 arranque entre ca吝r眼 matriz y llave de paso exterior, D=19 mm;1-8V7HIB5;1-8V7HIBX;1;$72.000,00;$72.000,00;;MOV_HID_09;06-11-2025;AGUA POTABLE
;PJE CACIQUE NARONGO, ;541;EL MONTE;Instalaci蚤 tuber眼 de HDPE D=20 a 25   mm, con excavaci蚤;1-8V7HIB5;1-8V7HIBX;2;$29.896,87;$59.793,74;;MOV_HID_09;06-11-2025;AGUA POTABLE
;PJE ALMIRANTE LATORRE;338;EL MONTE;Reparaci蚤 entre llave de paso exterior y matriz, D= 13 a 25 mm, con normalizaci蚤;1-8UDFYWP;;1;$75.514,50;$75.514,50;;MOV_HID_10;06-11-2025;AGUA POTABLE
;PJE ALMIRANTE LATORRE;338;EL MONTE;Instalaci蚤 tuber眼 de HDPE D=20 a 25   mm, con excavaci蚤;1-8UDFYWP;;1,6;$29.896,87;$47.834,99;;MOV_HID_10;06-11-2025;AGUA POTABLE
;PJE ALMIRANTE LATORRE;338;EL MONTE;Sondaje 1,50 < H < 4,00 metros, sin relleno;1-8UDFYWP;;0,225;$70.037,41;$15.758,42;;MOV_HID_10;06-11-2025;AGUA POTABLE
;FREIRE,;147;EL MONTE;Reparaci蚤 entre llave de paso exterior y matriz, D= 13 a 25 mm;1-8UDFYSJ ;1-8VIH1XD;1;$43.317,50;$43.317,50;;MOV_HID_10;06-11-2025;AGUA POTABLE
;FREIRE,;147;EL MONTE;Instalaci蚤 tuber眼 de HDPE D=20 a 25   mm, con excavaci蚤;1-8UDFYSJ ;1-8VIH1XD;1;$29.896,87;$29.896,87;;MOV_HID_10;06-11-2025;AGUA POTABLE
;GALVARINO, ;822;EL MONTE;Atravieso con tuneladora ;1-8RU4A5N;;3;$42.791,78;$128.375,34;;MOV_HID_11;06-11-2025;AGUA POTABLE
;GALVARINO, ;822;EL MONTE;Renovaci蚤 arranque cobre o HDPE entre llaves de paso D=19 a 25 mm;1-8RU4A5N;;1;$70.000,00;$70.000,00;;MOV_HID_11;06-11-2025;AGUA POTABLE
;GALVARINO, ;822;EL MONTE;Renovaci蚤 arranque entre ca吝r眼 matriz y llave de paso exterior, D=19 mm;1-8RU4A5N;;1;$72.000,00;$72.000,00;;MOV_HID_11;06-11-2025;AGUA POTABLE
;GALVARINO, ;822;EL MONTE;Instalaci蚤 tuber眼 de HDPE D=20 a 25   mm, con excavaci蚤;1-8RU4A5N;;3;$29.896,87;$89.690,61;;MOV_HID_11;06-11-2025;AGUA POTABLE
;GALVARINO, ;822;EL MONTE;Instalaci蚤 tuber眼 de HDPE D=20 a 25  mm, sin excavaci蚤;1-8RU4A5N;;3;$16.304,60;$48.913,80;;MOV_HID_11;06-11-2025;AGUA POTABLE
;GALVARINO, ;822;EL MONTE;Instalaci蚤 tuber眼 de cobre D=13 a 19 mm, con excavaci蚤;1-8RU4A5N;;1,3;$23.000,00;$29.900,00;;MOV_HID_11;06-11-2025;AGUA POTABLE
;PJE 8 PONIENTE,;220;EL MONTE;Reparaci蚤 entre llaves de paso, D=13 mm, con excavaci蚤 y remplazo de llave de paso;1-8RR19DR;;2;$21.149,11;$42.298,23;;MOV_HID_11;06-11-2025;AGUA POTABLE
1767361;LAS ARAUCARIAS,;456;EL MONTE;Atravieso con tuneladora ;;;6;$42.791,78;$256.750,68;;MOV_HID_12;06-11-2025;AGUA POTABLE
1767361;LAS ARAUCARIAS,;456;EL MONTE;Renovaci蚤 arranque entre ca吝r眼 matriz y llave de paso exterior, D=19 mm;;;1;$72.000,00;$72.000,00;;MOV_HID_12;06-11-2025;AGUA POTABLE
1767361;LAS ARAUCARIAS,;456;EL MONTE;Instalaci蚤 tuber眼 de HDPE D=20 a 25   mm, con excavaci蚤;;;3;$29.896,87;$89.690,61;;MOV_HID_12;06-11-2025;AGUA POTABLE
1767361;LAS ARAUCARIAS,;456;EL MONTE;Instalaci蚤 tuber眼 de HDPE D=20 a 25  mm, sin excavaci蚤;;;6;$16.304,60;$97.827,60;;MOV_HID_12;06-11-2025;AGUA POTABLE
;LOS PATOS, ;501;PE헤FLOR;Renovaci蚤 arranque cobre o HDPE entre llaves de paso D=19 a 25 mm;1-8RW1Z63;1-8RW1Z6V;1;$70.000,00;$70.000,00;;MOV_HID_09;07-11-2025;AGUA POTABLE
;LOS PATOS, ;501;PE헤FLOR;Instalaci蚤 tuber眼 de HDPE D=20 a 25   mm, con excavaci蚤;1-8RW1Z63;1-8RW1Z6V;1;$29.896,87;$29.896,87;;MOV_HID_09;07-11-2025;AGUA POTABLE
;LOS PATOS, ;198;PE헤FLOR;Renovaci蚤 arranque cobre o HDPE entre llaves de paso D=19 a 25 mm;1-8RW1YAP;1-8RW1YB7;1;$70.000,00;$70.000,00;;MOV_HID_09;07-11-2025;AGUA POTABLE
;LOS PATOS, ;198;PE헤FLOR;Instalaci蚤 tuber眼 de HDPE D=20 a 25   mm, con excavaci蚤;1-8RW1YAP;1-8RW1YB7;1;$29.896,87;$29.896,87;;MOV_HID_09;07-11-2025;AGUA POTABLE
1869061;LOS CIPRESES;15;EL MONTE;Reparaci蚤 entre llaves de paso, D=13 mm, con excavaci蚤 y remplazo de llave de paso;;;1;$21.149,11;$21.149,11;;MOV_HID_10;07-11-2025;AGUA POTABLE
1913339;EL SOLAR;407;EL MONTE;Reparaci蚤 entre llaves de paso, D=13 mm, con excavaci蚤 y remplazo de llave de paso;1-8UCIVGH ;;1;$21.149,11;$21.149,11;;MOV_HID_10;07-11-2025;AGUA POTABLE
1581786;PJE LAS GOLONDRINAS;243;PE헤FLOR;Renovaci蚤 arranque cobre o HDPE entre llaves de paso D=19 a 25 mm;1-8RHT5GK ;;1;$70.000,00;$70.000,00;;MOV_HID_10;07-11-2025;AGUA POTABLE
1581786;PJE LAS GOLONDRINAS;243;PE헤FLOR;Instalaci蚤 tuber眼 de cobre D=13 a 19 mm, con excavaci蚤;1-8RHT5GK ;;1;$23.000,00;$23.000,00;;MOV_HID_10;07-11-2025;AGUA POTABLE
1050802;PJECABO 2 JOSE CARRENO F 358;32;EL MONTE;Renovaci蚤 arranque cobre o HDPE entre llaves de paso D=19 a 25 mm;1-86IINFJ ;;6;$70.000,00;$420.000,00;5;MOV_HID_11;07-11-2025;AGUA POTABLE
1050802;PJECABO 2 JOSE CARRENO F 358;32;EL MONTE;Instalaci蚤 tuber眼 de cobre D=13 a 19 mm, con excavaci蚤;1-86IINFJ ;;6;$23.000,00;$138.000,00;;MOV_HID_11;07-11-2025;AGUA POTABLE
1913178;PJE LA ESTACION;359;EL MONTE;Renovaci蚤 arranque cobre o HDPE entre llaves de paso D=19 a 25 mm;1-8UCIL17 ;;1;$70.000,00;$70.000,00;;MOV_HID_11;07-11-2025;AGUA POTABLE
1913178;PJE LA ESTACION;359;EL MONTE;Instalaci蚤 tuber眼 de cobre D=13 a 19 mm, con excavaci蚤;1-8UCIL17 ;;1;$23.000,00;$23.000,00;;MOV_HID_11;07-11-2025;AGUA POTABLE
556593;PJE 1 ;94;PE헤FLOR;Renovaci蚤 arranque cobre o HDPE entre llaves de paso D=19 a 25 mm;1-8RRS791 ;;1;$70.000,00;$70.000,00;;MOV_HID_12;07-11-2025;AGUA POTABLE
556593;PJE 1 ;94;PE헤FLOR;Instalaci蚤 tuber眼 de cobre D=13 a 19 mm, con excavaci蚤;1-8RRS791 ;;1;$23.000,00;$23.000,00;;MOV_HID_12;07-11-2025;AGUA POTABLE
556323;MARIA ESTER GARAY;189;PE헤FLOR;Renovaci蚤 arranque cobre o HDPE entre llaves de paso D=19 a 25 mm;;;1;$70.000,00;$70.000,00;;MOV_HID_12;07-11-2025;AGUA POTABLE
556323;MARIA ESTER GARAY;189;PE헤FLOR;Instalaci蚤 tuber眼 de cobre D=13 a 19 mm, con excavaci蚤;;;1;$23.000,00;$23.000,00;;MOV_HID_12;07-11-2025;AGUA POTABLE
;COSTA RICA,;1292;PE헤FLOR;Sondaje H < 1,50 metros, con relleno;1-8RINCEA;1-8RINCES;2,16;$40.175,19;$86.778,41;;MOV_HID_09;10-11-2025;AGUA POTABLE
;IRARRAZAVAL,;584;PE헤FLOR;Renovaci蚤 arranque cobre o HDPE entre llaves de paso D=19 a 25 mm;1-8UCZKMZ;1-8UCZKNH;1;$70.000,00;$70.000,00;;MOV_HID_09;10-11-2025;AGUA POTABLE
;IRARRAZAVAL,;584;PE헤FLOR;Renovaci蚤 arranque entre ca吝r眼 matriz y llave de paso exterior, D=19 mm;1-8UCZKMZ;1-8UCZKNH;1;$72.000,00;$72.000,00;;MOV_HID_09;10-11-2025;AGUA POTABLE
;IRARRAZAVAL,;584;PE헤FLOR;Instalaci蚤 tuber眼 de cobre D=13 a 19 mm, con excavaci蚤;1-8UCZKMZ;1-8UCZKNH;1;$23.000,00;$23.000,00;;MOV_HID_09;10-11-2025;AGUA POTABLE
;IRARRAZAVAL,;584;PE헤FLOR;Instalaci蚤 tuber眼 de HDPE D=20 a 25   mm, con excavaci蚤;1-8UCZKMZ;1-8UCZKNH;2;$29.896,87;$59.793,74;;MOV_HID_09;10-11-2025;AGUA POTABLE
;PJE 1,;1189;PE헤FLOR;Sondaje 1,50 < H < 4,00 metros, con relleno;1-8UCR7RV;1-8UCR7SD;6,6;$84.033,80;$554.623,11;;MOV_HID_10;10-11-2025;AGUA POTABLE
;PJE 1,;1189;PE헤FLOR;Sondaje 1,50 < H < 4,00 metros, con relleno;1-8UCR7RV;1-8UCR7SD;0,4;$84.033,80;$33.613,52;;MOV_HID_10;10-11-2025;AGUA POTABLE
;LAS FLORES,;32;PE헤FLOR;Renovaci蚤 arranque cobre o HDPE entre llaves de paso D=19 a 25 mm;1-8SJHTZL;1-8SJHU03;1;$70.000,00;$70.000,00;;MOV_HID_11;10-11-2025;AGUA POTABLE
;LAS FLORES,;32;PE헤FLOR;Renovaci蚤 arranque entre ca吝r眼 matriz y llave de paso exterior, D=19 mm;1-8SJHTZL;1-8SJHU03;1;$72.000,00;$72.000,00;;MOV_HID_11;10-11-2025;AGUA POTABLE
;LAS FLORES,;32;PE헤FLOR;Instalaci蚤 tuber眼 de cobre D=13 a 19 mm, con excavaci蚤;1-8SJHTZL;1-8SJHU03;1;$23.000,00;$23.000,00;;MOV_HID_11;10-11-2025;AGUA POTABLE
;LAS FLORES,;32;PE헤FLOR;Instalaci蚤 tuber眼 de HDPE D=20 a 25   mm, con excavaci蚤;1-8SJHTZL;1-8SJHU03;1,5;$29.896,87;$44.845,31;;MOV_HID_11;10-11-2025;AGUA POTABLE
;LAS FLORES,;56;PE헤FLOR;Renovaci蚤 arranque cobre o HDPE entre llaves de paso D=19 a 25 mm;1-8SJHU0Z;1-8SJHU1H;1;$70.000,00;$70.000,00;;MOV_HID_11;10-11-2025;AGUA POTABLE
;LAS FLORES,;56;PE헤FLOR;Renovaci蚤 arranque entre ca吝r眼 matriz y llave de paso exterior, D=19 mm;1-8SJHU0Z;1-8SJHU1H;1;$72.000,00;$72.000,00;;MOV_HID_11;10-11-2025;AGUA POTABLE
;LAS FLORES,;56;PE헤FLOR;Instalaci蚤 tuber眼 de cobre D=13 a 19 mm, con excavaci蚤;1-8SJHU0Z;1-8SJHU1H;1,3;$23.000,00;$29.900,00;;MOV_HID_11;10-11-2025;AGUA POTABLE
;LAS FLORES,;56;PE헤FLOR;Instalaci蚤 tuber眼 de HDPE D=20 a 25   mm, con excavaci蚤;1-8SJHU0Z;1-8SJHU1H;1,5;$29.896,87;$44.845,31;;MOV_HID_11;10-11-2025;AGUA POTABLE
;LAS FLORES,;48;PE헤FLOR;Renovaci蚤 arranque cobre o HDPE entre llaves de paso D=19 a 25 mm;1-8SJHUI7;1-8SJHUIP;1;$70.000,00;$70.000,00;;MOV_HID_11;10-11-2025;AGUA POTABLE
;LAS FLORES,;48;PE헤FLOR;Renovaci蚤 arranque entre ca吝r眼 matriz y llave de paso exterior, D=19 mm;1-8SJHUI7;1-8SJHUIP;1;$72.000,00;$72.000,00;;MOV_HID_11;10-11-2025;AGUA POTABLE
;LAS FLORES,;48;PE헤FLOR;Instalaci蚤 tuber眼 de cobre D=13 a 19 mm, con excavaci蚤;1-8SJHUI7;1-8SJHUIP;1,3;$23.000,00;$29.900,00;;MOV_HID_11;10-11-2025;AGUA POTABLE
;LAS FLORES,;48;PE헤FLOR;Instalaci蚤 tuber眼 de HDPE D=20 a 25   mm, con excavaci蚤;1-8SJHUI7;1-8SJHUIP;1,5;$29.896,87;$44.845,31;;MOV_HID_11;10-11-2025;AGUA POTABLE
;LAS FLORES,;120;PE헤FLOR;Renovaci蚤 arranque cobre o HDPE entre llaves de paso D=19 a 25 mm;1-8SKKC6N;1-8SKKC75;1;$70.000,00;$70.000,00;;MOV_HID_12;10-11-2025;AGUA POTABLE
;LAS FLORES,;120;PE헤FLOR;Renovaci蚤 arranque entre ca吝r眼 matriz y llave de paso exterior, D=19 mm;1-8SKKC6N;1-8SKKC75;1;$72.000,00;$72.000,00;;MOV_HID_12;10-11-2025;AGUA POTABLE
;LAS FLORES,;120;PE헤FLOR;Instalaci蚤 tuber眼 de cobre D=13 a 19 mm, con excavaci蚤;1-8SKKC6N;1-8SKKC75;1,5;$23.000,00;$34.500,00;;MOV_HID_12;10-11-2025;AGUA POTABLE
;LAS FLORES,;120;PE헤FLOR;Instalaci蚤 tuber眼 de HDPE D=20 a 25   mm, con excavaci蚤;1-8SKKC6N;1-8SKKC75;2;$29.896,87;$59.793,74;;MOV_HID_12;10-11-2025;AGUA POTABLE
;LOS LIRIOS,;757;EL MONTE;Renovaci蚤 arranque entre ca吝r眼 matriz y llave de paso exterior, D=19 mm;1-8V6Z7WD;1-8V6Z7X5;1;$72.000,00;$72.000,00;;MOV_HID_09;11-11-2025;AGUA POTABLE
;LOS LIRIOS,;757;EL MONTE;Instalaci蚤 tuber眼 de HDPE D=20 a 25   mm, con excavaci蚤;1-8V6Z7WD;1-8V6Z7X5;2;$29.896,87;$59.793,74;;MOV_HID_09;11-11-2025;AGUA POTABLE
;BULNES,;261;EL MONTE;Reparaci蚤 entre llaves de paso, D=13 mm, con excavaci蚤 y remplazo de llave de paso;1-8UD7K9P;1-8UD7KAH;1;$21.149,11;$21.149,11;;MOV_HID_09;11-11-2025;AGUA POTABLE
;PJE 1,;1189;PE헤FLOR;Reparaci蚤 entre llaves de paso, D=13 mm, con excavaci蚤 y remplazo de llave de paso;1-8UCR7RV ;1-8WGLR2R;1;$21.149,11;$21.149,11;;MOV_HID_10;11-11-2025;AGUA POTABLE
;21 DE MAYO,;4659;PE헤FLOR;Reparaci蚤 entre llaves de paso, D=13 mm, con excavaci蚤 y remplazo de llave de paso;1-8RSIZ8D;1-8RSIZ95;1;$21.149,11;$21.149,11;;MOV_HID_10;11-11-2025;AGUA POTABLE
;PJE 8 PONIENTE,;220;EL MONTE;Atravieso con tuneladora ;1-8RR19DR;;3;$42.791,78;$128.375,34;;MOV_HID_11;11-11-2025;AGUA POTABLE
;PJE 8 PONIENTE,;220;EL MONTE;Renovaci蚤 arranque entre ca吝r眼 matriz y llave de paso exterior, D=19 mm;1-8RR19DR;;1;$72.000,00;$72.000,00;;MOV_HID_11;11-11-2025;AGUA POTABLE
;PJE 8 PONIENTE,;220;EL MONTE;Instalaci蚤 tuber眼 de HDPE D=20 a 25   mm, con excavaci蚤;1-8RR19DR;;3,2;$29.896,87;$95.669,99;;MOV_HID_11;11-11-2025;AGUA POTABLE
;PJE 8 PONIENTE,;220;EL MONTE;Instalaci蚤 tuber眼 de HDPE D=20 a 25  mm, sin excavaci蚤;1-8RR19DR;;3;$16.304,60;$48.913,80;;MOV_HID_11;11-11-2025;AGUA POTABLE
;SAN ANTONIO,;326;EL MONTE;Atravieso con tuneladora ;1-8V7QJKB;1-8V7QRAL;6;$42.791,78;$256.750,68;;MOV_HID_11;11-11-2025;AGUA POTABLE
;SAN ANTONIO,;326;EL MONTE;Renovaci蚤 arranque entre ca吝r眼 matriz y llave de paso exterior, D=19 mm;1-8V7QJKB;1-8V7QRAL;1;$72.000,00;$72.000,00;;MOV_HID_11;11-11-2025;AGUA POTABLE
;SAN ANTONIO,;326;EL MONTE;Renovaci蚤 arranque cobre o HDPE entre llaves de paso D=19 a 25 mm;1-8V7QJKB;1-8V7QRAL;1;$70.000,00;$70.000,00;;MOV_HID_11;11-11-2025;AGUA POTABLE
;SAN ANTONIO,;326;EL MONTE;Instalaci蚤 tuber眼 de cobre D=13 a 19 mm, sin excavaci蚤;1-8V7QJKB;1-8V7QRAL;0,6;$10.000,00;$6.000,00;;MOV_HID_11;11-11-2025;AGUA POTABLE
;SAN ANTONIO,;326;EL MONTE;Instalaci蚤 tuber眼 de HDPE D=20 a 25   mm, con excavaci蚤;1-8V7QJKB;1-8V7QRAL;3,1;$29.896,87;$92.680,30;;MOV_HID_11;11-11-2025;AGUA POTABLE
;SAN ANTONIO,;326;EL MONTE;Instalaci蚤 tuber眼 de HDPE D=20 a 25  mm, sin excavaci蚤;1-8V7QJKB;1-8V7QRAL;6;$16.304,60;$97.827,60;;MOV_HID_11;11-11-2025;AGUA POTABLE
;LAS FLORES,;104;PE헤FLOR;Renovaci蚤 arranque cobre o HDPE entre llaves de paso D=19 a 25 mm;1-8SKKM13;1-8SKKM57;1;$70.000,00;$70.000,00;;MOV_HID_12;11-11-2025;AGUA POTABLE
;LAS FLORES,;104;PE헤FLOR;Renovaci蚤 arranque entre ca吝r眼 matriz y llave de paso exterior, D=19 mm;1-8SKKM13;1-8SKKM57;1;$72.000,00;$72.000,00;;MOV_HID_12;11-11-2025;AGUA POTABLE
;LAS FLORES,;104;PE헤FLOR;Instalaci蚤 tuber眼 de HDPE D=20 a 25   mm, con excavaci蚤;1-8SKKM13;1-8SKKM57;2;$29.896,87;$59.793,74;;MOV_HID_12;11-11-2025;AGUA POTABLE
;LAS FLORES,;104;PE헤FLOR;Instalaci蚤 tuber眼 de cobre D=13 a 19 mm, con excavaci蚤;1-8SKKM13;1-8SKKM57;0,8;$23.000,00;$18.400,00;;MOV_HID_12;11-11-2025;AGUA POTABLE
;LAS FLORES,;104;PE헤FLOR;Instalaci蚤 tuber眼 de cobre D=13 a 19 mm, sin excavaci蚤;1-8SKKM13;1-8SKKM57;0,7;$10.000,00;$7.000,00;;MOV_HID_12;11-11-2025;AGUA POTABLE
;LAS FLORES, ;128;PE헤FLOR;Renovaci蚤 arranque entre ca吝r眼 matriz y llave de paso exterior, D=19 mm;1-8SKKC4P;1-8SKKC57;1;$72.000,00;$72.000,00;;MOV_HID_12;11-11-2025;AGUA POTABLE
;LAS FLORES, ;128;PE헤FLOR;Instalaci蚤 tuber眼 de HDPE D=20 a 25   mm, con excavaci蚤;1-8SKKC4P;1-8SKKC57;1,5;$29.896,87;$44.845,31;;MOV_HID_12;11-11-2025;AGUA POTABLE
;LAS FLORES,;88;PE헤FLOR;Renovaci蚤 arranque cobre o HDPE entre llaves de paso D=19 a 25 mm;1-8SJHXED;1-8SJHXH3;1;$70.000,00;$70.000,00;;MOV_HID_12;11-11-2025;AGUA POTABLE
;LAS FLORES,;88;PE헤FLOR;Renovaci蚤 arranque entre ca吝r眼 matriz y llave de paso exterior, D=19 mm;1-8SJHXED;1-8SJHXH3;1;$72.000,00;$72.000,00;;MOV_HID_12;11-11-2025;AGUA POTABLE
;LAS FLORES,;88;PE헤FLOR;Instalaci蚤 tuber眼 de HDPE D=20 a 25   mm, con excavaci蚤;1-8SJHXED;1-8SJHXH3;2;$29.896,87;$59.793,74;;MOV_HID_12;11-11-2025;AGUA POTABLE
;LAS FLORES,;88;PE헤FLOR;Instalaci蚤 tuber眼 de cobre D=13 a 19 mm, con excavaci蚤;1-8SJHXED;1-8SJHXH3;2;$23.000,00;$46.000,00;;MOV_HID_12;11-11-2025;AGUA POTABLE
;COSTA RICA,;1292;PE헤FLOR;Rotura de pavimento blando;1-8RINCEA;1-8WD0VWS;2,4;$14.534,75;$34.883,40;;MOV_OC_07;11-11-2025;OBRAS
;COSTA RICA,;1292;PE헤FLOR;Reposici蚤 acera HCV e= 7 cm;1-8RINCEA;1-8WD0VWS;2,4;$38.426,87;$92.224,49;;MOV_OC_07;11-11-2025;OBRAS
;LAS FLORES,;48;PE헤FLOR;Rotura de pavimento blando;1-8SJHUI7;1-8WGLR44;1,1;$14.534,75;$15.988,22;;MOV_OC_07;11-11-2025;OBRAS
;LAS FLORES,;48;PE헤FLOR;Reposici蚤 acera HCV e= 7 cm;1-8SJHUI7;1-8WGLR44;1,1;$38.426,87;$42.269,56;;MOV_OC_07;11-11-2025;OBRAS
;LAS FLORES,;32;PE헤FLOR;Rotura de pavimento blando;;;0,99;$14.534,75;$14.389,40;;MOV_OC_07;11-11-2025;OBRAS
;LAS FLORES,;32;PE헤FLOR;Reposici蚤 acera HCV e= 7 cm;;;0,99;$38.426,87;$38.042,60;;MOV_OC_07;11-11-2025;OBRAS
;LAS FLORES,;56;PE헤FLOR;Rotura de pavimento blando;;;0,9;$14.534,75;$13.081,27;;MOV_OC_07;11-11-2025;OBRAS
;LAS FLORES,;56;PE헤FLOR;Reposici蚤 acera HCV e= 7 cm;;;0,9;$38.426,87;$34.584,19;;MOV_OC_07;11-11-2025;OBRAS
;LAS FLORES,;584;PE헤FLOR;Rotura de pavimento blando;;;0,64;$14.534,75;$9.302,24;;MOV_OC_07;11-11-2025;OBRAS
;LAS FLORES,;584;PE헤FLOR;Reposici蚤 acera HCV e= 7 cm;;;0,64;$38.426,87;$24.593,20;;MOV_OC_07;11-11-2025;OBRAS
;LAS FLORES,;104;PE헤FLOR;Rotura de pavimento blando;;;0,99;$14.534,75;$14.389,40;;MOV_OC_07;11-11-2025;OBRAS
;LAS FLORES,;104;PE헤FLOR;Reposici蚤 acera HCV e= 7 cm;;;0,99;$38.426,87;$38.042,60;;MOV_OC_07;11-11-2025;OBRAS
;LAS FLORES,;120;PE헤FLOR;Rotura de pavimento blando;;;0,99;$14.534,75;$14.389,40;;MOV_OC_07;11-11-2025;OBRAS
;LAS FLORES,;120;PE헤FLOR;Reposici蚤 acera HCV e= 7 cm;;;0,99;$38.426,87;$38.042,60;;MOV_OC_07;11-11-2025;OBRAS
;CALLEJON GUERRERO;28;PE헤FLOR;Rotura de pavimento duro;;;0,7;$17.238,66;$12.067,06;;MOV_OC_07;11-11-2025;OBRAS
;CALLEJON GUERRERO;28;PE헤FLOR;Reposici蚤 acera HCV e= 7 cm;;;0,7;$38.426,87;$26.898,81;;MOV_OC_07;11-11-2025;OBRAS
;PJE LAGO LLANQUIHUE,;1342;EL MONTE;Renovaci蚤 arranque cobre o HDPE entre llaves de paso D=19 a 25 mm;1-8V6Z77N ;1-8V6Z785;1;$70.000,00;$70.000,00;;MOV_HID_09;12-11-2025;AGUA POTABLE
;PJE LAGO LLANQUIHUE,;1342;EL MONTE;Instalaci蚤 tuber眼 de HDPE D=20 a 25   mm, con excavaci蚤;1-8V6Z77N ;1-8V6Z785;1;$29.896,87;$29.896,87;;MOV_HID_09;12-11-2025;AGUA POTABLE
;PJE ALMIRANTE BLANCO ENCALADA,;96;EL MONTE;Renovaci蚤 arranque cobre o HDPE entre llaves de paso D=19 a 25 mm;1-8UCR0AF;1-8UCR0AX ;1;$70.000,00;$70.000,00;;MOV_HID_09;12-11-2025;AGUA POTABLE
;PJE ALMIRANTE BLANCO ENCALADA,;96;EL MONTE;Renovaci蚤 arranque entre ca吝r眼 matriz y llave de paso exterior, D=19 mm;1-8UCR0AF;1-8UCR0AX ;1;$72.000,00;$72.000,00;;MOV_HID_09;12-11-2025;AGUA POTABLE
;PJE ALMIRANTE BLANCO ENCALADA,;96;EL MONTE;Instalaci蚤 tuber眼 de HDPE D=20 a 25   mm, con excavaci蚤;1-8UCR0AF;1-8UCR0AX ;2;$29.896,87;$59.793,74;;MOV_HID_09;12-11-2025;AGUA POTABLE
;PJE ALMIRANTE BLANCO ENCALADA,;96;EL MONTE;Instalaci蚤 tuber眼 de cobre D=13 a 19 mm, con excavaci蚤;1-8UCR0AF;1-8UCR0AX ;1;$23.000,00;$23.000,00;;MOV_HID_09;12-11-2025;AGUA POTABLE
;PJE ALMIRANTE BLANCO ENCALADA,;96;EL MONTE;Instalaci蚤 tuber眼 de cobre D=13 a 19 mm, sin excavaci蚤;1-8UCR0AF;1-8UCR0AX ;1;$10.000,00;$10.000,00;;MOV_HID_09;12-11-2025;AGUA POTABLE
;PJE ALMIRANTE BLANCO ENCALADA,;94;EL MONTE;Renovaci蚤 arranque cobre o HDPE entre llaves de paso D=19 a 25 mm;1-8UCR3AR;1-8UCR3B9;1;$70.000,00;$70.000,00;;MOV_HID_09;12-11-2025;AGUA POTABLE
;PJE ALMIRANTE BLANCO ENCALADA,;94;EL MONTE;Renovaci蚤 arranque entre ca吝r眼 matriz y llave de paso exterior, D=19 mm;1-8UCR3AR;1-8UCR3B9;1;$72.000,00;$72.000,00;;MOV_HID_09;12-11-2025;AGUA POTABLE
;PJE ALMIRANTE BLANCO ENCALADA,;94;EL MONTE;Instalaci蚤 tuber眼 de cobre D=13 a 19 mm, con excavaci蚤;1-8UCR3AR;1-8UCR3B9;1;$23.000,00;$23.000,00;;MOV_HID_09;12-11-2025;AGUA POTABLE
;PJE ALMIRANTE BLANCO ENCALADA,;94;EL MONTE;Instalaci蚤 tuber眼 de cobre D=13 a 19 mm, sin excavaci蚤;1-8UCR3AR;1-8UCR3B9;1;$10.000,00;$10.000,00;;MOV_HID_09;12-11-2025;AGUA POTABLE
;PJE ALMIRANTE BLANCO ENCALADA,;94;EL MONTE;Instalaci蚤 tuber眼 de HDPE D=20 a 25   mm, con excavaci蚤;1-8UCR3AR;1-8UCR3B9;2;$29.896,87;$59.793,74;;MOV_HID_09;12-11-2025;AGUA POTABLE
;PJE LOS OLIVOS,;1211;EL MONTE;Renovaci蚤 arranque cobre o HDPE entre llaves de paso D=19 a 25 mm;1-8UDFMYZ;1-8UDFMZH;1;$70.000,00;$70.000,00;;MOV_HID_10;12-11-2025;AGUA POTABLE
;PJE LOS OLIVOS,;1211;EL MONTE;Instalaci蚤 tuber眼 de cobre D=13 a 19 mm, con excavaci蚤;1-8UDFMYZ;1-8UDFMZH;1;$23.000,00;$23.000,00;;MOV_HID_10;12-11-2025;AGUA POTABLE
;AV LOS CARRERA,;701;EL MONTE;Renovaci蚤 arranque cobre o HDPE entre llaves de paso D=19 a 25 mm;1-8RQ9RZZ;1-8RQ9S39;1;$70.000,00;$70.000,00;;MOV_HID_10;12-11-2025;AGUA POTABLE
;AV LOS CARRERA,;701;EL MONTE;Instalaci蚤 tuber眼 de HDPE D=20 a 25   mm, con excavaci蚤;1-8RQ9RZZ;1-8RQ9S39;1;$29.896,87;$29.896,87;;MOV_HID_10;12-11-2025;AGUA POTABLE
;PORVENIR,;3036;PE헤FLOR;Renovaci蚤 arranque cobre o HDPE entre llaves de paso D=19 a 25 mm;1-8REZZE4;1-8REZZEM;1;$70.000,00;$70.000,00;;MOV_HID_11;12-11-2025;AGUA POTABLE
;PORVENIR,;3036;PE헤FLOR;Renovaci蚤 arranque entre ca吝r眼 matriz y llave de paso exterior, D=19 mm;1-8REZZE4;1-8REZZEM;1;$72.000,00;$72.000,00;;MOV_HID_11;12-11-2025;AGUA POTABLE
;PORVENIR,;3036;PE헤FLOR;Instalaci蚤 tuber眼 de HDPE D=20 a 25   mm, con excavaci蚤;1-8REZZE4;1-8REZZEM;2,3;$29.896,87;$68.762,80;;MOV_HID_11;12-11-2025;AGUA POTABLE
;PORVENIR,;3036;PE헤FLOR;Instalaci蚤 tuber眼 de cobre D=13 a 19 mm, con excavaci蚤;1-8REZZE4;1-8REZZEM;0,7;$23.000,00;$16.100,00;;MOV_HID_11;12-11-2025;AGUA POTABLE
;PORVENIR,;3036;PE헤FLOR;Instalaci蚤 tuber眼 de cobre D=13 a 19 mm, sin excavaci蚤;1-8REZZE4;1-8REZZEM;0,7;$10.000,00;$7.000,00;;MOV_HID_11;12-11-2025;AGUA POTABLE
;SAN ANTONIO,;11;EL MONTE;Renovaci蚤 arranque cobre o HDPE entre llaves de paso D=19 a 25 mm;1-8V7QQW7;1-8V7QQWP;1;$70.000,00;$70.000,00;;MOV_HID_12;12-11-2025;AGUA POTABLE
;SAN ANTONIO,;11;EL MONTE;Renovaci蚤 arranque entre ca吝r眼 matriz y llave de paso exterior, D=19 mm;1-8V7QQW7;1-8V7QQWP;1;$72.000,00;$72.000,00;;MOV_HID_12;12-11-2025;AGUA POTABLE
;SAN ANTONIO,;11;EL MONTE;Instalaci蚤 tuber眼 de HDPE D=20 a 25   mm, con excavaci蚤;1-8V7QQW7;1-8V7QQWP;2;$29.896,87;$59.793,74;;MOV_HID_12;12-11-2025;AGUA POTABLE
;SAN ANTONIO,;11;EL MONTE;Instalaci蚤 tuber眼 de cobre D=13 a 19 mm, con excavaci蚤;1-8V7QQW7;1-8V7QQWP;1;$23.000,00;$23.000,00;;MOV_HID_12;12-11-2025;AGUA POTABLE
;SAN ANTONIO,;11;EL MONTE;Instalaci蚤 tuber眼 de cobre D=13 a 19 mm, sin excavaci蚤;1-8V7QQW7;1-8V7QQWP;1;$10.000,00;$10.000,00;;MOV_HID_12;12-11-2025;AGUA POTABLE
;PJE PAULA VERDUGO,;221;EL MONTE;Renovaci蚤 arranque cobre o HDPE entre llaves de paso D=19 a 25 mm;1-8UCZDYF;1-8UCZDYX;1;$70.000,00;$70.000,00;;MOV_HID_12;12-11-2025;AGUA POTABLE
;PJE PAULA VERDUGO,;221;EL MONTE;Instalaci蚤 tuber眼 de cobre D=13 a 19 mm, con excavaci蚤;1-8UCZDYF;1-8UCZDYX;1;$23.000,00;$23.000,00;;MOV_HID_12;12-11-2025;AGUA POTABLE
;LAS FLORES,;128;PE헤FLOR;Rotura de pavimento blando;1-8SKKC4P;1-8WMHFV3;0,9;$14.534,75;$13.081,27;;MOV_OC_07;12-11-2025;OBRAS
;LAS FLORES,;128;PE헤FLOR;Reposici蚤 acera HCV e= 7 cm;1-8SKKC4P;1-8WMHFV3;0,9;$38.426,87;$34.584,19;;MOV_OC_07;12-11-2025;OBRAS
;LAS FLORES,;88;PE헤FLOR;Rotura de pavimento blando;1-8SJHXED;1-8WN9JO3;1,8;$14.534,75;$26.162,55;;MOV_OC_07;12-11-2025;OBRAS
;LAS FLORES,;88;PE헤FLOR;Reposici蚤 acera HCV e= 7 cm;1-8SJHXED;1-8WN9JO3;1,8;$38.426,87;$69.168,37;;MOV_OC_07;12-11-2025;OBRAS
;PJE 1, ;1189;PE헤FLOR;Rotura de pavimento blando;1-8UCR7RV;1-8WLQTN3;0,99;$14.534,75;$14.389,40;;MOV_OC_07;12-11-2025;OBRAS
;PJE 1, ;1189;PE헤FLOR;Reposici蚤 acera HCV e= 7 cm;1-8UCR7RV;1-8WLQTN3;0,99;$38.426,87;$38.042,60;;MOV_OC_07;12-11-2025;OBRAS
;BULNES,;261;EL MONTE;Rotura de pavimento duro;1-8UD7K9P;1-8WMX3BJ;2,28;$17.238,66;$39.304,14;;MOV_OC_07;12-11-2025;OBRAS
;BULNES,;261;EL MONTE;Reposici蚤 acera HCV e= 10 cm (entrada vehicular);1-8UD7K9P;1-8WMX3BJ;2,28;$41.426,54;$94.452,51;;MOV_OC_07;12-11-2025;OBRAS
;LOS LIRIOS,;757;EL MONTE;Rotura de pavimento blando;1-8V6Z7WD;1-8WLKSND;4,5;$14.534,75;$65.406,37;;MOV_OC_07;12-11-2025;OBRAS
;LOS LIRIOS,;757;EL MONTE;Reposici蚤 acera HCV e= 7 cm;1-8V6Z7WD;1-8WLKSND;4,5;$38.426,87;$172.920,93;;MOV_OC_07;12-11-2025;OBRAS
;JAROMIR PRIDAL,;85;PE헤FLOR;Renovaci蚤 arranque cobre o HDPE entre llaves de paso D=19 a 25 mm;1-8SNQZGL ;1-8SNQZHD;1;$70.000,00;$70.000,00;;MOV_HID_09;13-11-2025;AGUA POTABLE
;JAROMIR PRIDAL,;85;PE헤FLOR;Instalaci蚤 tuber眼 de HDPE D=20 a 25   mm, con excavaci蚤;1-8SNQZGL ;1-8SNQZHD;1;$29.896,87;$29.896,87;;MOV_HID_09;13-11-2025;AGUA POTABLE
;BASTERRICA,;149;PE헤FLOR;Renovaci蚤 arranque cobre o HDPE entre llaves de paso D=19 a 25 mm;1-8ROT4H3;1-8ROT4HL;1;$70.000,00;$70.000,00;;MOV_HID_10;13-11-2025;AGUA POTABLE
;BASTERRICA,;149;PE헤FLOR;Renovaci蚤 arranque entre ca吝r眼 matriz y llave de paso exterior, D=19 mm;1-8ROT4H3;1-8ROT4HL;1;$72.000,00;$72.000,00;;MOV_HID_10;13-11-2025;AGUA POTABLE
;BASTERRICA,;149;PE헤FLOR;Instalaci蚤 tuber眼 de cobre D=13 a 19 mm, con excavaci蚤;1-8ROT4H3;1-8ROT4HL;1;$23.000,00;$23.000,00;;MOV_HID_10;13-11-2025;AGUA POTABLE
;BASTERRICA,;149;PE헤FLOR;Instalaci蚤 tuber眼 de HDPE D=20 a 25   mm, con excavaci蚤;1-8ROT4H3;1-8ROT4HL;6;$29.896,87;$179.381,22;;MOV_HID_10;13-11-2025;AGUA POTABLE
;BASTERRICA,;158;PE헤FLOR;Renovaci蚤 arranque cobre o HDPE entre llaves de paso D=19 a 25 mm;1-8ROT6YJ;1-8ROT6Z1;1;$70.000,00;$70.000,00;;MOV_HID_10;13-11-2025;AGUA POTABLE
;BASTERRICA,;158;PE헤FLOR;Instalaci蚤 tuber眼 de cobre D=13 a 19 mm, con excavaci蚤;1-8ROT6YJ;1-8ROT6Z1;1;$23.000,00;$23.000,00;;MOV_HID_10;13-11-2025;AGUA POTABLE
;LAS FLORES,;80;PE헤FLOR;Renovaci蚤 arranque cobre o HDPE entre llaves de paso D=19 a 25 mm;1-8SJHU3H;1-8SJHU3Z;1;$70.000,00;$70.000,00;;MOV_HID_11;13-11-2025;AGUA POTABLE
;LAS FLORES,;80;PE헤FLOR;Renovaci蚤 arranque entre ca吝r眼 matriz y llave de paso exterior, D=19 mm;1-8SJHU3H;1-8SJHU3Z;1;$72.000,00;$72.000,00;;MOV_HID_11;13-11-2025;AGUA POTABLE
;LAS FLORES,;80;PE헤FLOR;Instalaci蚤 tuber眼 de cobre D=13 a 19 mm, con excavaci蚤;1-8SJHU3H;1-8SJHU3Z;0,6;$23.000,00;$13.800,00;;MOV_HID_11;13-11-2025;AGUA POTABLE
;LAS FLORES,;80;PE헤FLOR;Instalaci蚤 tuber眼 de cobre D=13 a 19 mm, sin excavaci蚤;1-8SJHU3H;1-8SJHU3Z;0,6;$10.000,00;$6.000,00;;MOV_HID_11;13-11-2025;AGUA POTABLE
;LAS FLORES,;80;PE헤FLOR;Instalaci蚤 tuber眼 de HDPE D=20 a 25   mm, con excavaci蚤;1-8SJHU3H;1-8SJHU3Z;1,4;$29.896,87;$41.855,62;;MOV_HID_11;13-11-2025;AGUA POTABLE
;LAS FLORES,;96;PE헤FLOR;Renovaci蚤 arranque cobre o HDPE entre llaves de paso D=19 a 25 mm;1-8SJHSS9;1-8SJHSSR;1;$70.000,00;$70.000,00;;MOV_HID_11;13-11-2025;AGUA POTABLE
;LAS FLORES,;96;PE헤FLOR;Renovaci蚤 arranque entre ca吝r眼 matriz y llave de paso exterior, D=19 mm;1-8SJHSS9;1-8SJHSSR;1;$72.000,00;$72.000,00;;MOV_HID_11;13-11-2025;AGUA POTABLE
;LAS FLORES,;96;PE헤FLOR;Instalaci蚤 tuber眼 de HDPE D=20 a 25   mm, con excavaci蚤;1-8SJHSS9;1-8SJHSSR;1,4;$29.896,87;$41.855,62;;MOV_HID_11;13-11-2025;AGUA POTABLE
;LAS FLORES,;96;PE헤FLOR;Instalaci蚤 tuber眼 de cobre D=13 a 19 mm, con excavaci蚤;1-8SJHSS9;1-8SJHSSR;0,6;$23.000,00;$13.800,00;;MOV_HID_11;13-11-2025;AGUA POTABLE
;LAS FLORES,;96;PE헤FLOR;Instalaci蚤 tuber眼 de cobre D=13 a 19 mm, sin excavaci蚤;1-8SJHSS9;1-8SJHSSR;0,6;$10.000,00;$6.000,00;;MOV_HID_11;13-11-2025;AGUA POTABLE
;LAS FLORES,;64;PE헤FLOR;Renovaci蚤 arranque cobre o HDPE entre llaves de paso D=19 a 25 mm;1-8RU4BG1;1-8RU4BGJ;1;$70.000,00;$70.000,00;;MOV_HID_11;13-11-2025;AGUA POTABLE
;LAS FLORES,;64;PE헤FLOR;Renovaci蚤 arranque entre ca吝r眼 matriz y llave de paso exterior, D=19 mm;1-8RU4BG1;1-8RU4BGJ;1;$72.000,00;$72.000,00;;MOV_HID_11;13-11-2025;AGUA POTABLE
;LAS FLORES,;64;PE헤FLOR;Instalaci蚤 tuber眼 de HDPE D=20 a 25   mm, con excavaci蚤;1-8RU4BG1;1-8RU4BGJ;1,4;$29.896,87;$41.855,62;;MOV_HID_11;13-11-2025;AGUA POTABLE
;LAS FLORES,;64;PE헤FLOR;Instalaci蚤 tuber眼 de cobre D=13 a 19 mm, con excavaci蚤;1-8RU4BG1;1-8RU4BGJ;0,6;$23.000,00;$13.800,00;;MOV_HID_11;13-11-2025;AGUA POTABLE
;LAS FLORES,;64;PE헤FLOR;Instalaci蚤 tuber眼 de cobre D=13 a 19 mm, sin excavaci蚤;1-8RU4BG1;1-8RU4BGJ;0,6;$10.000,00;$6.000,00;;MOV_HID_11;13-11-2025;AGUA POTABLE
;LAS FLORES,;64;PE헤FLOR;Reparaci蚤 de ca吝r眼 matriz con abrazadera, 75 ? D ? 110 mm;1-8RU4BG1;1-8RU4BGJ;1;$162.086,00;$162.086,00;;MOV_HID_11;13-11-2025;AGUA POTABLE
;PJE SARGENTO CANDELARIA,;308;EL MONTE;Renovaci蚤 arranque cobre o HDPE entre llaves de paso D=19 a 25 mm;1-8UCZKJX;1-8UCZKKF;1;$70.000,00;$70.000,00;;MOV_HID_12;13-11-2025;AGUA POTABLE
;PJE SARGENTO CANDELARIA,;308;EL MONTE;Instalaci蚤 tuber眼 de cobre D=13 a 19 mm, con excavaci蚤;1-8UCZKJX;1-8UCZKKF;1;$23.000,00;$23.000,00;;MOV_HID_12;13-11-2025;AGUA POTABLE
;PJE.8 PONIENTE,;220;EL MONTE;Rotura de pavimento blando;1-8WLV5AE;1-8WMOK9L;1,8;$14.534,75;$26.162,55;;MOV_OC_07;13-11-2025;OBRAS
;PJE.8 PONIENTE,;220;EL MONTE;Reposici蚤 acera HCV e= 7 cm;1-8WLV5AE;1-8WMOK9L;1,8;$38.426,87;$69.168,37;;MOV_OC_07;13-11-2025;OBRAS
;PJE.8 PONIENTE,;219;EL MONTE;Rotura de pavimento blando;1-8WLV5AE;1-8WMOKAQ;2,4;$14.534,75;$34.883,40;;MOV_OC_07;13-11-2025;OBRAS
;PJE.8 PONIENTE,;219;EL MONTE;Reposici蚤 acera HCV e= 7 cm;1-8WLV5AE;1-8WMOKAQ;2,4;$38.426,87;$92.224,49;;MOV_OC_07;13-11-2025;OBRAS
;SAN ANTONIO,;326;EL MONTE;Rotura de pavimento blando;1-8V7QJKB;1-8WMX2YD;0,56;$14.534,75;$8.139,46;;MOV_OC_07;13-11-2025;OBRAS
;SAN ANTONIO,;326;EL MONTE;Reposici蚤 acera HCV e= 7 cm;1-8V7QJKB;1-8WMX2YD;0,56;$38.426,87;$21.519,05;;MOV_OC_07;13-11-2025;OBRAS
;SAN ANTONIO,;326;EL MONTE;Rotura de pavimento duro;1-8V7QJKB;1-8WMX2YD;1,5;$17.238,66;$25.857,99;;MOV_OC_07;13-11-2025;OBRAS
;SAN ANTONIO,;326;EL MONTE;Reposici蚤 acera HCV e= 10 cm (entrada vehicular);1-8V7QJKB;1-8WMX2YD;1,5;$41.426,54;$62.139,81;;MOV_OC_07;13-11-2025;OBRAS
;SAN ANTONIO,;326;EL MONTE;Rotura de pavimento blando;1-8V7QJKB;1-8WMX2YD;1,7;$14.534,75;$24.709,07;;MOV_OC_07;13-11-2025;OBRAS
;SAN ANTONIO,;326;EL MONTE;Reposici蚤 acera HCV e= 7 cm;1-8V7QJKB;1-8WMX2YD;1,7;$38.426,87;$65.325,68;;MOV_OC_07;13-11-2025;OBRAS
;SAN ANTONIO,;11;EL MONTE;Rotura de pavimento duro;1-8V7QQW7;1-8WV5829;6,3;$17.238,66;$108.603,54;;MOV_OC_07;13-11-2025;OBRAS
;SAN ANTONIO,;11;EL MONTE;Reposici蚤 acera HCV e= 10 cm (entrada vehicular);1-8V7QQW7;1-8WV5829;6,3;$41.426,54;$260.987,19;;MOV_OC_07;13-11-2025;OBRAS
;PJE LAGO LLANQUIHUE,;1342;EL MONTE;Rotura de pavimento blando;1-8V6Z77N;1-8WT9Y9K;1,5;$14.534,75;$21.802,12;;MOV_OC_07;13-11-2025;OBRAS
;PJE LAGO LLANQUIHUE,;1342;EL MONTE;Reposici蚤 acera HCV e= 7 cm;1-8V6Z77N;1-8WT9Y9K;1,5;$38.426,87;$57.640,31;;MOV_OC_07;13-11-2025;OBRAS
;PJE LOS OLIVOS,;1211;EL MONTE;Rotura de pavimento blando;1-8UDFMYZ;1-8WU8VXS;1,98;$14.534,75;$28.778,80;;MOV_OC_07;13-11-2025;OBRAS
;PJE LOS OLIVOS,;1211;EL MONTE;Reposici蚤 acera HCV e= 7 cm;1-8UDFMYZ;1-8WU8VXS;1,98;$38.426,87;$76.085,21;;MOV_OC_07;13-11-2025;OBRAS
;PJE IGNACIO SERRANO,;317;EL MONTE;Renovaci蚤 arranque cobre o HDPE entre llaves de paso D=19 a 25 mm;1-8UCR3FR;1-8UCR3GJ;1;$70.000,00;$70.000,00;;MOV_HID_09;14-11-2025;AGUA POTABLE
;PJE IGNACIO SERRANO,;317;EL MONTE;Renovaci蚤 arranque entre ca吝r眼 matriz y llave de paso exterior, D=19 mm;1-8UCR3FR;1-8UCR3GJ;1;$72.000,00;$72.000,00;;MOV_HID_09;14-11-2025;AGUA POTABLE
;PJE IGNACIO SERRANO,;317;EL MONTE;Instalaci蚤 tuber眼 de cobre D=13 a 19 mm, con excavaci蚤;1-8UCR3FR;1-8UCR3GJ;1;$23.000,00;$23.000,00;;MOV_HID_09;14-11-2025;AGUA POTABLE
;PJE IGNACIO SERRANO,;317;EL MONTE;Instalaci蚤 tuber眼 de cobre D=13 a 19 mm, sin excavaci蚤;1-8UCR3FR;1-8UCR3GJ;1;$10.000,00;$10.000,00;;MOV_HID_09;14-11-2025;AGUA POTABLE
;PJE IGNACIO SERRANO,;317;EL MONTE;Instalaci蚤 tuber眼 de HDPE D=20 a 25   mm, con excavaci蚤;1-8UCR3FR;1-8UCR3GJ;2;$29.896,87;$59.793,74;;MOV_HID_09;14-11-2025;AGUA POTABLE
;CHILE,;1598;EL MONTE;Renovaci蚤 arranque cobre o HDPE entre llaves de paso D=19 a 25 mm;1-8WEBXWY;1-8WEK50Q;1;$70.000,00;$70.000,00;;MOV_HID_09;14-11-2025;AGUA POTABLE
;CHILE,;1598;EL MONTE;Instalaci蚤 tuber眼 de cobre D=13 a 19 mm, con excavaci蚤;1-8WEBXWY;1-8WEK50Q;1;$23.000,00;$23.000,00;;MOV_HID_09;14-11-2025;AGUA POTABLE
;EL OMBU PONIENTE,;160;PE헤FLOR;Renovaci蚤 arranque cobre o HDPE entre llaves de paso D=19 a 25 mm;1-8RE0YMW;1-8RE0YPW;1;$70.000,00;$70.000,00;;MOV_HID_10;14-11-2025;AGUA POTABLE
;EL OMBU SUR,;335;PE헤FLOR;Renovaci蚤 arranque cobre o HDPE entre llaves de paso D=19 a 25 mm;1-8RE0M6K;1-8RE0M7C;1;$70.000,00;$70.000,00;;MOV_HID_10;14-11-2025;AGUA POTABLE
;CONCORDIA,;382;PE헤FLOR;Renovaci蚤 arranque cobre o HDPE entre llaves de paso D=19 a 25 mm;1-8RSIZBF;1-8RSIZBX;1;$70.000,00;$70.000,00;;MOV_HID_10;14-11-2025;AGUA POTABLE
;CONCORDIA,;382;PE헤FLOR;Instalaci蚤 tuber眼 de HDPE D=20 a 25   mm, con excavaci蚤;1-8RSIZBF;1-8RSIZBX;4;$29.896,87;$119.587,48;;MOV_HID_10;14-11-2025;AGUA POTABLE
;LAS FLORES,;115;PE헤FLOR;Renovaci蚤 arranque cobre o HDPE entre llaves de paso D=19 a 25 mm;1-8UCZKLV;1-8UCZKMD;1;$70.000,00;$70.000,00;;MOV_HID_11;14-11-2025;AGUA POTABLE
;LAS FLORES,;115;PE헤FLOR;Renovaci蚤 arranque entre ca吝r眼 matriz y llave de paso exterior, D=19 mm;1-8UCZKLV;1-8UCZKMD;1;$72.000,00;$72.000,00;;MOV_HID_11;14-11-2025;AGUA POTABLE
;LAS FLORES,;115;PE헤FLOR;Instalaci蚤 tuber眼 de HDPE D=20 a 25   mm, con excavaci蚤;1-8UCZKLV;1-8UCZKMD;1,4;$29.896,87;$41.855,62;;MOV_HID_11;14-11-2025;AGUA POTABLE
;LAS FLORES,;115;PE헤FLOR;Instalaci蚤 tuber眼 de cobre D=13 a 19 mm, con excavaci蚤;1-8UCZKLV;1-8UCZKMD;0,6;$23.000,00;$13.800,00;;MOV_HID_11;14-11-2025;AGUA POTABLE
;LAS FLORES,;115;PE헤FLOR;Instalaci蚤 tuber眼 de cobre D=13 a 19 mm, sin excavaci蚤;1-8UCZKLV;1-8UCZKMD;0,6;$10.000,00;$6.000,00;;MOV_HID_11;14-11-2025;AGUA POTABLE
;LAS FLORES,;121;PE헤FLOR;Renovaci蚤 arranque cobre o HDPE entre llaves de paso D=19 a 25 mm;1-8RV1REJ;1-8RV1RFB;1;$70.000,00;$70.000,00;;MOV_HID_11;14-11-2025;AGUA POTABLE
;LAS FLORES,;121;PE헤FLOR;Instalaci蚤 tuber眼 de cobre D=13 a 19 mm, con excavaci蚤;1-8RV1REJ;1-8RV1RFB;1;$23.000,00;$23.000,00;;MOV_HID_11;14-11-2025;AGUA POTABLE
;LAS FLORES,;129;PE헤FLOR;Renovaci蚤 arranque cobre o HDPE entre llaves de paso D=19 a 25 mm;1-8UCZE17;1-8UCZE1P;1;$70.000,00;$70.000,00;;MOV_HID_11;14-11-2025;AGUA POTABLE
;LAS FLORES,;129;PE헤FLOR;Renovaci蚤 arranque entre ca吝r眼 matriz y llave de paso exterior, D=19 mm;1-8UCZE17;1-8UCZE1P;1;$72.000,00;$72.000,00;;MOV_HID_11;14-11-2025;AGUA POTABLE
;LAS FLORES,;129;PE헤FLOR;Instalaci蚤 tuber眼 de HDPE D=20 a 25   mm, con excavaci蚤;1-8UCZE17;1-8UCZE1P;1,4;$29.896,87;$41.855,62;;MOV_HID_11;14-11-2025;AGUA POTABLE
;LAS FLORES,;129;PE헤FLOR;Instalaci蚤 tuber眼 de cobre D=13 a 19 mm, con excavaci蚤;1-8UCZE17;1-8UCZE1P;0,6;$23.000,00;$13.800,00;;MOV_HID_11;14-11-2025;AGUA POTABLE
;LAS FLORES,;129;PE헤FLOR;Instalaci蚤 tuber眼 de cobre D=13 a 19 mm, sin excavaci蚤;1-8UCZE17;1-8UCZE1P;0,6;$10.000,00;$6.000,00;;MOV_HID_11;14-11-2025;AGUA POTABLE
;PJE 2,;223;PE헤FLOR;Renovaci蚤 arranque cobre o HDPE entre llaves de paso D=19 a 25 mm;1-8ULXT6T;1-8ULXT84;1;$70.000,00;$70.000,00;;MOV_HID_12;14-11-2025;AGUA POTABLE
;PJE 2,;223;PE헤FLOR;Instalaci蚤 tuber眼 de HDPE D=20 a 25   mm, con excavaci蚤;1-8ULXT6T;1-8ULXT84;0,8;$29.896,87;$23.917,50;;MOV_HID_12;14-11-2025;AGUA POTABLE
;PJE 2,;306;PE헤FLOR;Renovaci蚤 arranque cobre o HDPE entre llaves de paso D=19 a 25 mm;1-8RM4Z2T;1-8RM4Z4P;1;$70.000,00;$70.000,00;;MOV_HID_12;14-11-2025;AGUA POTABLE
;PJE 2,;306;PE헤FLOR;Instalaci蚤 tuber眼 de cobre D=13 a 19 mm, con excavaci蚤;1-8RM4Z2T;1-8RM4Z4P;1;$23.000,00;$23.000,00;;MOV_HID_12;14-11-2025;AGUA POTABLE
;LAS FLORES,;96;PE헤FLOR;Rotura de pavimento blando;1-8SJHSS9;1-8X46S2J;4,06;$14.534,75;$59.011,08;;MOV_OC_07;14-11-2025;OBRAS
;LAS FLORES,;96;PE헤FLOR;Reposici蚤 acera HCV e= 7 cm;1-8SJHSS9;1-8X46S2J;4,06;$38.426,87;$156.013,10;;MOV_OC_07;14-11-2025;OBRAS
;PJE SARGENTO CANDELARIA, ;308;EL MONTE;Rotura de pavimento blando;1-8UCZKJX;1-8X46SG9;3,9;$14.534,75;$56.685,52;;MOV_OC_07;14-11-2025;OBRAS
;PJE SARGENTO CANDELARIA, ;308;EL MONTE;Reposici蚤 acera HCV e= 7 cm;1-8UCZKJX;1-8X46SG9;3,9;$38.426,87;$149.864,80;;MOV_OC_07;14-11-2025;OBRAS
;AV LOS CARRERA,;701;EL MONTE;Rotura de pavimento blando;1-8RQ9RZZ;1-8WUYNXS;1;$14.534,75;$14.534,75;;MOV_OC_07;14-11-2025;OBRAS
;AV LOS CARRERA,;701;EL MONTE;Reposici蚤 acera HCV e= 7 cm;1-8RQ9RZZ;1-8WUYNXS;1;$38.426,87;$38.426,87;;MOV_OC_07;14-11-2025;OBRAS
;LOS CIPRESES,;15;EL MONTE;Rotura de pavimento blando;1-8V7ZV41;1-8X1S6VG;2,76;$14.534,75;$40.115,90;;MOV_OC_07;14-11-2025;OBRAS
;LOS CIPRESES,;15;EL MONTE;Reposici蚤 acera HCV e= 7 cm;1-8V7ZV41;1-8X1S6VG;2,76;$38.426,87;$106.058,17;;MOV_OC_07;14-11-2025;OBRAS
;CONCORDIA,;382;PE헤FLOR;Rotura de pavimento duro;1-8RSIZBF;1-8RSIZBX;5,6;$17.238,66;$96.536,48;;MOV_OC_07;17-11-2025;OBRAS
;CONCORDIA,;382;PE헤FLOR;Reposici蚤 acera HCV e= 10 cm (entrada vehicular);1-8RSIZBF;1-8RSIZBX;5,6;$41.426,54;$231.988,61;;MOV_OC_07;17-11-2025;OBRAS
;LAS FLORES,;96;PE헤FLOR;Rotura de pavimento blando;1-8SJHSS9;1-8X46S2J;0,99;$14.534,75;$14.389,40;;MOV_OC_07;17-11-2025;OBRAS
;LAS FLORES,;96;PE헤FLOR;Reposici蚤 acera HCV e= 7 cm;1-8SJHSS9;1-8X46S2J;0,99;$38.426,87;$38.042,60;;MOV_OC_07;17-11-2025;OBRAS
;LAS FLORES,;80;PE헤FLOR;Rotura de pavimento blando;1-8SJHU3H  ;1-8X46S0A;1,1;$14.534,75;$15.988,22;;MOV_OC_07;17-11-2025;OBRAS
;LAS FLORES,;80;PE헤FLOR;Reposici蚤 acera HCV e= 7 cm;1-8SJHU3H  ;1-8X46S0A;1,1;$38.426,87;$42.269,56;;MOV_OC_07;17-11-2025;OBRAS
;LAS FLORES,;64;PE헤FLOR;Rotura de pavimento blando;1-8RU4BG1;1-8X46SEK;2;$14.534,75;$29.069,50;;MOV_OC_07;17-11-2025;OBRAS
;LAS FLORES,;64;PE헤FLOR;Reposici蚤 acera HCV e= 7 cm;1-8RU4BG1;1-8X46SEK;2;$38.426,87;$76.853,75;;MOV_OC_07;17-11-2025;OBRAS
;LAS FLORES,;91;PE헤FLOR;Rotura de pavimento blando;1-8UCZJZN;1-8XD04ZA;1;$14.534,75;$14.534,75;;MOV_OC_07;17-11-2025;OBRAS
;LAS FLORES,;91;PE헤FLOR;Reposici蚤 acera HCV e= 7 cm;1-8UCZJZN;1-8XD04ZA;1;$38.426,87;$38.426,87;;MOV_OC_07;17-11-2025;OBRAS
;LAS FLORES,;115;PE헤FLOR;Rotura de pavimento blando;1-8UCZKLV;1-8XD0519;0,64;$14.534,75;$9.302,24;;MOV_OC_07;17-11-2025;OBRAS
;LAS FLORES,;115;PE헤FLOR;Reposici蚤 acera HCV e= 7 cm;1-8UCZKLV;1-8XD0519;0,64;$38.426,87;$24.593,20;;MOV_OC_07;17-11-2025;OBRAS
;LAS FLORES,;121;PE헤FLOR;Rotura de pavimento blando;1-8RV1REJ;1-8XD054D;0,35;$14.534,75;$5.087,16;;MOV_OC_07;17-11-2025;OBRAS
;LAS FLORES,;121;PE헤FLOR;Reposici蚤 acera HCV e= 7 cm;1-8RV1REJ;1-8XD054D;0,35;$38.426,87;$13.449,41;;MOV_OC_07;17-11-2025;OBRAS
;PJE INES DE SUAREZ,;3585;PE헤FLOR;Renovaci蚤 arranque entre ca吝r眼 matriz y llave de paso exterior, D=19 mm;1-8RU490T;1-8RU491B;1;$72.000,00;$72.000,00;1;MOV_HID_09;17-11-2025;AGUA POTABLE
;PJE INES DE SUAREZ,;3585;PE헤FLOR;Instalaci蚤 tuber眼 de HDPE D=20 a 25   mm, con excavaci蚤;1-8RU490T;1-8RU491B;2;$29.896,87;$59.793,74;;MOV_HID_09;17-11-2025;AGUA POTABLE
;PJE INES DE SUAREZ,;3584;PE헤FLOR;Reparaci蚤 entre llave de paso exterior y matriz, D= 13 a 25 mm, con normalizaci蚤;1-8RU490T;1-8RU491B;1;$75.514,50;$75.514,50;;MOV_HID_09;17-11-2025;AGUA POTABLE
;PJE INES DE SUAREZ,;3584;PE헤FLOR;Instalaci蚤 tuber眼 de HDPE D=20 a 25  mm, sin excavaci蚤;1-8RU490T;1-8RU491B;2;$16.304,60;$32.609,20;;MOV_HID_09;17-11-2025;AGUA POTABLE
;PJE 16,;3765;PE헤FLOR;Renovaci蚤 arranque cobre o HDPE entre llaves de paso D=19 a 25 mm;1-8RRSH69;1-8RRSH6R ;1;$70.000,00;$70.000,00;;MOV_HID_09;17-11-2025;AGUA POTABLE
;PJE 16,;3765;PE헤FLOR;Instalaci蚤 tuber眼 de cobre D=13 a 19 mm, con excavaci蚤;1-8RRSH69;1-8RRSH6R ;1;$23.000,00;$23.000,00;;MOV_HID_09;17-11-2025;AGUA POTABLE
;PJE 15,;3766;PE헤FLOR;Renovaci蚤 arranque cobre o HDPE entre llaves de paso D=19 a 25 mm;1-8RRSIVN ;1-8RRSIW5;1;$70.000,00;$70.000,00;;MOV_HID_10;17-11-2025;AGUA POTABLE
;PJE 15,;3766;PE헤FLOR;Instalaci蚤 tuber眼 de cobre D=13 a 19 mm, con excavaci蚤;1-8RRSIVN ;1-8RRSIW5;1;$23.000,00;$23.000,00;;MOV_HID_10;17-11-2025;AGUA POTABLE
;PJE 15,;3766;PE헤FLOR;Reparaci蚤 entre llave de paso exterior y matriz, D= 13 a 25 mm;1-8RRSIVN ;1-8RRSIW5;1;$43.317,50;$43.317,50;;MOV_HID_10;17-11-2025;AGUA POTABLE
;PJE 15,;3766;PE헤FLOR;Instalaci蚤 tuber眼 de HDPE D=20 a 25   mm, con excavaci蚤;1-8RRSIVN ;1-8RRSIW5;1,5;$29.896,87;$44.845,31;;MOV_HID_10;17-11-2025;AGUA POTABLE
;LAS FLORES,;160;PE헤FLOR;Renovaci蚤 arranque cobre o HDPE entre llaves de paso D=19 a 25 mm;1-8RV1RS5;1-8RV1RSN;1;$70.000,00;$70.000,00;;MOV_HID_11;17-11-2025;AGUA POTABLE
;LAS FLORES,;160;PE헤FLOR;Renovaci蚤 arranque entre ca吝r眼 matriz y llave de paso exterior, D=19 mm;1-8RV1RS5;1-8RV1RSN;1;$72.000,00;$72.000,00;;MOV_HID_11;17-11-2025;AGUA POTABLE
;LAS FLORES,;160;PE헤FLOR;Instalaci蚤 tuber眼 de cobre D=13 a 19 mm, con excavaci蚤;1-8RV1RS5;1-8RV1RSN;0,7;$23.000,00;$16.100,00;;MOV_HID_11;17-11-2025;AGUA POTABLE
;LAS FLORES,;160;PE헤FLOR;Instalaci蚤 tuber眼 de cobre D=13 a 19 mm, sin excavaci蚤;1-8RV1RS5;1-8RV1RSN;0,7;$10.000,00;$7.000,00;;MOV_HID_11;17-11-2025;AGUA POTABLE
;LAS FLORES,;160;PE헤FLOR;Instalaci蚤 tuber眼 de HDPE D=20 a 25   mm, con excavaci蚤;1-8RV1RS5;1-8RV1RSN;2;$29.896,87;$59.793,74;;MOV_HID_11;17-11-2025;AGUA POTABLE
;IRARRAZAVAL,;576;PE헤FLOR;Renovaci蚤 arranque cobre o HDPE entre llaves de paso D=19 a 25 mm;1-8RW1WBB;1-8RW1WBT;1;$70.000,00;$70.000,00;;MOV_HID_11;17-11-2025;AGUA POTABLE
;IRARRAZAVAL,;576;PE헤FLOR;Renovaci蚤 arranque entre ca吝r眼 matriz y llave de paso exterior, D=19 mm;1-8RW1WBB;1-8RW1WBT;1;$72.000,00;$72.000,00;;MOV_HID_11;17-11-2025;AGUA POTABLE
;IRARRAZAVAL,;576;PE헤FLOR;Instalaci蚤 tuber眼 de HDPE D=20 a 25   mm, con excavaci蚤;1-8RW1WBB;1-8RW1WBT;2;$29.896,87;$59.793,74;;MOV_HID_11;17-11-2025;AGUA POTABLE
;IRARRAZAVAL,;576;PE헤FLOR;Instalaci蚤 tuber眼 de cobre D=13 a 19 mm, con excavaci蚤;1-8RW1WBB;1-8RW1WBT;0,7;$23.000,00;$16.100,00;;MOV_HID_11;17-11-2025;AGUA POTABLE
;IRARRAZAVAL,;576;PE헤FLOR;Instalaci蚤 tuber眼 de cobre D=13 a 19 mm, sin excavaci蚤;1-8RW1WBB;1-8RW1WBT;0,7;$10.000,00;$7.000,00;;MOV_HID_11;17-11-2025;AGUA POTABLE
;PJE GOMEZ RAMIREZ,;357;EL MONTE;Renovaci蚤 arranque cobre o HDPE entre llaves de paso D=19 a 25 mm;1-8UCITBT ;1-8UCITCB;1;$70.000,00;$70.000,00;;MOV_HID_12;17-11-2025;AGUA POTABLE
;PJE GOMEZ RAMIREZ,;357;EL MONTE;Renovaci蚤 arranque cobre o HDPE entre llaves de paso D=19 a 25 mm;1-8UDFOOD;1-8UDFOOV;1;$70.000,00;$70.000,00;;MOV_HID_12;17-11-2025;AGUA POTABLE
;PJE GOMEZ RAMIREZ,;357;EL MONTE;Sondaje H < 1,50 metros, con relleno;1-8UDFOOD;1-8UDFOOV;2,7;$40.175,19;$108.473,02;;MOV_HID_12;17-11-2025;AGUA POTABLE
;PJE GOMEZ RAMIREZ,;357;EL MONTE;Instalaci蚤 tuber眼 de cobre D=13 a 19 mm, con excavaci蚤;1-8UDFOOD;1-8UDFOOV;1;$23.000,00;$23.000,00;;MOV_HID_12;17-11-2025;AGUA POTABLE
;PJE GOMEZ RAMIREZ,;357;EL MONTE;Instalaci蚤 tuber眼 de cobre D=13 a 19 mm, con excavaci蚤;1-8UDFOOD;1-8UDFOOV;1;$23.000,00;$23.000,00;;MOV_HID_12;17-11-2025;AGUA POTABLE
;LAS FLORES,;144;PE헤FLOR;Renovaci蚤 arranque cobre o HDPE entre llaves de paso D=19 a 25 mm;1-8RV1U1J;1-8RV1U21;1;$70.000,00;$70.000,00;;MOV_HID_11;17-11-2025;AGUA POTABLE
;LAS FLORES,;144;PE헤FLOR;Renovaci蚤 arranque entre ca吝r眼 matriz y llave de paso exterior, D=19 mm;1-8RV1U1J;1-8RV1U21;1;$72.000,00;$72.000,00;;MOV_HID_11;17-11-2025;AGUA POTABLE
;LAS FLORES,;144;PE헤FLOR;Instalaci蚤 tuber眼 de HDPE D=20 a 25   mm, con excavaci蚤;1-8RV1U1J;1-8RV1U21;1,5;$29.896,87;$44.845,31;;MOV_HID_11;17-11-2025;AGUA POTABLE
;LAS FLORES,;144;PE헤FLOR;Instalaci蚤 tuber眼 de cobre D=13 a 19 mm, sin excavaci蚤;1-8RV1U1J;1-8RV1U21;0,6;$10.000,00;$6.000,00;;MOV_HID_11;17-11-2025;AGUA POTABLE
;LAS FLORES,;144;PE헤FLOR;Instalaci蚤 tuber眼 de cobre D=13 a 19 mm, con excavaci蚤;1-8RV1U1J;1-8RV1U21;0,6;$23.000,00;$13.800,00;;MOV_HID_11;17-11-2025;AGUA POTABLE
;LAS FLORES,;192;PE헤FLOR;Renovaci蚤 arranque cobre o HDPE entre llaves de paso D=19 a 25 mm;1-8RV1R8P;1-8RV1RBF;1;$70.000,00;$70.000,00;;MOV_HID_11;17-11-2025;AGUA POTABLE
;LAS FLORES,;192;PE헤FLOR;Renovaci蚤 arranque entre ca吝r眼 matriz y llave de paso exterior, D=19 mm;1-8RV1R8P;1-8RV1RBF;1;$72.000,00;$72.000,00;;MOV_HID_11;17-11-2025;AGUA POTABLE
;LAS FLORES,;192;PE헤FLOR;Instalaci蚤 tuber眼 de HDPE D=20 a 25   mm, con excavaci蚤;1-8RV1R8P;1-8RV1RBF;1,4;$29.896,87;$41.855,62;;MOV_HID_11;17-11-2025;AGUA POTABLE
;LAS FLORES,;192;PE헤FLOR;Instalaci蚤 tuber眼 de cobre D=13 a 19 mm, con excavaci蚤;1-8RV1R8P;1-8RV1RBF;0,6;$23.000,00;$13.800,00;;MOV_HID_11;17-11-2025;AGUA POTABLE
;LAS FLORES,;192;PE헤FLOR;Instalaci蚤 tuber眼 de cobre D=13 a 19 mm, sin excavaci蚤;1-8RV1R8P;1-8RV1RBF;0,6;$10.000,00;$6.000,00;;MOV_HID_11;17-11-2025;AGUA POTABLE
;BASTERRICA,;149;PE헤FLOR;Rotura de pavimento blando;1-8ROT4H3;1-8X44IPV;2,1;$14.534,75;$30.522,97;;MOV_OC_07;18-11-2025;OBRAS
;BASTERRICA,;149;PE헤FLOR;Reposici蚤 acera HCV e= 7 cm;1-8ROT4H3;1-8X44IPV;2,1;$38.426,87;$80.696,43;;MOV_OC_07;18-11-2025;OBRAS
;BASTERRICA,;158;PE헤FLOR;Rotura de pavimento blando;1-8ROT6YJ;1-8X46S7V;2,1;$14.534,75;$30.522,97;;MOV_OC_07;18-11-2025;OBRAS
;BASTERRICA,;158;PE헤FLOR;Reposici蚤 acera HCV e= 7 cm;1-8ROT6YJ;1-8X46S7V;2,1;$38.426,87;$80.696,43;;MOV_OC_07;18-11-2025;OBRAS
;LAS FLORES,;192;PE헤FLOR;Rotura de pavimento duro;1-8RV1R8P;1-8XYLYIB;3,45;$17.238,66;$59.473,37;;MOV_OC_07;18-11-2025;OBRAS
;LAS FLORES,;192;PE헤FLOR;Reposici蚤 acera HCV e= 10 cm (entrada vehicular);1-8RV1R8P;1-8XYLYIB;3,45;$41.426,54;$142.921,55;;MOV_OC_07;18-11-2025;OBRAS
;LAS FLORES,;160;PE헤FLOR;Rotura de pavimento blando;1-8RV1RS5;1-8XYLYLE;0,8;$14.534,75;$11.627,80;;MOV_OC_07;18-11-2025;OBRAS
;LAS FLORES,;160;PE헤FLOR;Reposici蚤 acera HCV e= 7 cm;1-8RV1RS5;1-8XYLYLE;0,8;$38.426,87;$30.741,50;;MOV_OC_07;18-11-2025;OBRAS
;LAS FLORES,;129;PE헤FLOR;Rotura de pavimento duro;1-8UCZE17;1-8XX4KV2;6,82;$17.238,66;$117.567,64;;MOV_OC_07;18-11-2025;OBRAS
;LAS FLORES,;129;PE헤FLOR;Reposici蚤 acera HCV e= 10 cm (entrada vehicular);1-8UCZE17;1-8XX4KV2;6,82;$41.426,54;$282.528,99;;MOV_OC_07;18-11-2025;OBRAS
;PRADO TAGLE,;326;PE헤FLOR;Sondaje H < 1,50 metros, con relleno;1-8RQ9LUV;1-8RQ9LVD;1;$40.175,19;$40.175,19;;MOV_HID_09;18-11-2025;AGUA POTABLE
;ALCALDE LUIS ARAYA CERECEDA,;921;PE헤FLOR;Reparaci蚤 entre llaves de paso, D=13 mm, con excavaci蚤 y remplazo de llave de paso;1-8UCA651;1-8UCA65J;1;$21.149,11;$21.149,11;;MOV_HID_09;18-11-2025;AGUA POTABLE
;ALCALDE LUIS ARAYA CERECEDA,;4517;PE헤FLOR;Reparaci蚤 entre llaves de paso, D=13 mm, con excavaci蚤 y remplazo de llave de paso;1-8UC9S6J;1-8UC9S71;1;$21.149,11;$21.149,11;;MOV_HID_09;18-11-2025;AGUA POTABLE
;DAMIAN NAVARRO ^ PRADO TAGLE;;PE헤FLOR;Agotamiento mec烱ico AP;1-8Y3Y7VT;1-8Y3Y7Y9;1;$18.644,90;$18.644,90;;MOV_HID_10;18-11-2025;AGUA POTABLE
;18 DE SEPTIEMBRE ^ BENJAMIN LABBE;;PE헤FLOR;Agotamiento mec烱ico AP;1-8UCZKIT;1-8UCZKJB;1;$18.644,90;$18.644,90;;MOV_HID_10;18-11-2025;AGUA POTABLE
;BENJAMIN LABBE, ;434;PE헤FLOR;Renovaci蚤 arranque cobre o HDPE entre llaves de paso D=19 a 25 mm;1-8RX3TQV;1-8RX3TRD;1;$70.000,00;$70.000,00;;MOV_HID_10;18-11-2025;AGUA POTABLE
;BENJAMIN LABBE, ;434;PE헤FLOR;Instalaci蚤 tuber眼 de cobre D=13 a 19 mm, con excavaci蚤;1-8RX3TQV;1-8RX3TRD;1;$23.000,00;$23.000,00;;MOV_HID_10;18-11-2025;AGUA POTABLE
;PRADO TAGLE,;0;PE헤FLOR;Renovaci蚤 arranque cobre o HDPE entre llaves de paso D=19 a 25 mm;1-8V8NGQO;1-8VB0D38;1;$70.000,00;$70.000,00;;MOV_HID_11;18-11-2025;AGUA POTABLE
;PRADO TAGLE,;0;PE헤FLOR;Instalaci蚤 tuber眼 de cobre D=13 a 19 mm, con excavaci蚤;1-8V8NGQO;1-8VB0D38;1;$23.000,00;$23.000,00;;MOV_HID_11;18-11-2025;AGUA POTABLE
;ALCALDE LUIS ARAYA CERECEDA,;4169;PE헤FLOR;Renovaci蚤 arranque cobre o HDPE entre llaves de paso D=19 a 25 mm;1-8UC9ZUD;1-8UC9ZV5;1;$70.000,00;$70.000,00;;MOV_HID_11;18-11-2025;AGUA POTABLE
;ALCALDE LUIS ARAYA CERECEDA,;4169;PE헤FLOR;Instalaci蚤 tuber眼 de cobre D=13 a 19 mm, con excavaci蚤;1-8UC9ZUD;1-8UC9ZV5;1;$23.000,00;$23.000,00;;MOV_HID_11;18-11-2025;AGUA POTABLE
;PJE CACIQUE NARONGO,;594;EL MONTE;Renovaci蚤 arranque cobre o HDPE entre llaves de paso D=19 a 25 mm;1-8V7HDAB;1-8V7HDAT;1;$70.000,00;$70.000,00;;MOV_HID_12;18-11-2025;AGUA POTABLE
;PJE CACIQUE NARONGO,;594;EL MONTE;Renovaci蚤 arranque entre ca吝r眼 matriz y llave de paso exterior, D=19 mm;1-8V7HDAB;1-8V7HDAT;1;$72.000,00;$72.000,00;;MOV_HID_12;18-11-2025;AGUA POTABLE
;PJE CACIQUE NARONGO,;594;EL MONTE;Instalaci蚤 tuber眼 de HDPE D=20 a 25   mm, con excavaci蚤;1-8V7HDAB;1-8V7HDAT;1,6;$29.896,87;$47.834,99;;MOV_HID_12;18-11-2025;AGUA POTABLE
;PJE CACIQUE NARONGO,;594;EL MONTE;Instalaci蚤 tuber眼 de cobre D=13 a 19 mm, con excavaci蚤;1-8V7HDAB;1-8V7HDAT;1;$23.000,00;$23.000,00;;MOV_HID_12;18-11-2025;AGUA POTABLE
;EMILIA LASCAR,;152;PE헤FLOR;Reparaci蚤 entre llave de paso exterior y matriz, D= 13 a 25 mm;1-8UCR7YT;1-8UCR7ZB;1;$43.317,50;$43.317,50;;MOV_HID_10;18-11-2025;AGUA POTABLE
;EMILIA LASCAR,;152;PE헤FLOR;Instalaci蚤 tuber眼 de HDPE D=20 a 25   mm, con excavaci蚤;1-8UCR7YT;1-8UCR7ZB;1,2;$29.896,87;$35.876,24;;MOV_HID_10;18-11-2025;AGUA POTABLE
;IRARRAZABAL,;570;PE헤FLOR;Reparaci蚤 entre llaves de paso, D=13 mm, con excavaci蚤 y remplazo de llave de paso;;;1;$21.149,11;$21.149,11;;MOV_HID_10;18-11-2025;AGUA POTABLE
;IRARRAZABAL,;570;PE헤FLOR;Reparaci蚤 entre llaves de paso, D= 13 mm, s肇o soldadura;;;1;$14.119,50;$14.119,50;;MOV_HID_10;18-11-2025;AGUA POTABLE
;;;;;;;;; $-   ;;;;
